datahora,satelite,pais,estado,municipio,bioma,diasemchuva,precipitacao,riscofogo,latitude,longitude,frp
2021/06/26 17:00:00,AQUA_M-T,Brasil,RIO DE JANEIRO,SANTO ANTONIO DE PADUA,Mata Atlantica,17,0,-999,-21.522,-42.201,11.4
2021/06/26 17:00:00,AQUA_M-T,Brasil,SAO PAULO,IBITINGA,Cerrado,15,0,1,-21.87,-48.799,4.7
2021/06/26 17:00:00,AQUA_M-T,Brasil,MATO GROSSO DO SUL,ANTONIO JOAO,Cerrado,9,0,0.5,-22.263,-56.016,28.9
2021/06/26 17:00:00,AQUA_M-T,Brasil,SAO PAULO,SANTA BARBARA D'OESTE,Mata Atlantica,4,0.1,1,-22.844,-47.454,15.3
2021/06/26 17:00:00,AQUA_M-T,Brasil,RIO DE JANEIRO,RIO DE JANEIRO,Mata Atlantica,-999,0,1,-22.851,-43.442,9.3
2021/06/26 17:00:00,AQUA_M-T,Brasil,SAO PAULO,CAPIVARI,Mata Atlantica,3,0.3,1,-22.873,-47.46,74.7
2021/06/26 17:00:00,AQUA_M-T,Brasil,SAO PAULO,CAPIVARI,Mata Atlantica,3,0.3,1,-22.883,-47.468,52.9
2021/06/26 17:00:00,AQUA_M-T,Brasil,SAO PAULO,CAPIVARI,Mata Atlantica,3,0.3,1,-22.874,-47.469,181.5
2021/06/26 17:00:00,AQUA_M-T,Brasil,SAO PAULO,CAPIVARI,Mata Atlantica,3,0.3,0.9,-22.882,-47.458,12.8
2021/06/26 17:00:00,AQUA_M-T,Brasil,MATO GROSSO DO SUL,AMAMBAI,Mata Atlantica,2,0,1,-23.015,-54.983,17.3
2021/06/26 17:00:00,AQUA_M-T,Brasil,PARANA,LONDRINA,Mata Atlantica,7,0,0.8,-23.404,-50.999,16.8
2021/06/26 17:00:00,AQUA_M-T,Brasil,PARANA,LONDRINA,Mata Atlantica,6,0,0.8,-23.405,-51.011,10.6
2021/06/26 17:00:00,AQUA_M-T,Brasil,PARANA,ARAPONGAS,Mata Atlantica,2,0,0.6,-23.445,-51.424,6.6
2021/06/26 17:00:00,AQUA_M-T,Brasil,PARANA,PONTA GROSSA,Mata Atlantica,2,0,0.5,-25.133,-50.277,10
2021/06/26 17:00:00,AQUA_M-T,Brasil,PARANA,PALMEIRA,Mata Atlantica,3,0,0.4,-25.548,-50.19,41.4
2021/06/26 17:00:00,AQUA_M-T,Brasil,PARANA,PALMEIRA,Mata Atlantica,4,0,0.2,-25.547,-50.178,11.3
2021/06/26 17:00:00,AQUA_M-T,Brasil,MATO GROSSO,PORTO DOS GAUCHOS,Amazonia,34,0,0.8,-11.806,-56.436,47.2
2021/06/26 17:00:00,AQUA_M-T,Brasil,MATO GROSSO,SINOP,Amazonia,34,0,1,-11.748,-55.136,22.6
2021/06/26 17:00:00,AQUA_M-T,Brasil,MATO GROSSO,UNIAO DO SUL,Amazonia,23,0.1,0.7,-11.395,-54.43,514.5
2021/06/26 17:00:00,AQUA_M-T,Brasil,TOCANTINS,DIANOPOLIS,Cerrado,38,0,1,-11.495,-46.779,19
2021/06/26 17:00:00,AQUA_M-T,Brasil,TOCANTINS,PONTE ALTA DO BOM JESUS,Cerrado,38,0,1,-11.816,-46.48,10.5
2021/06/26 17:00:00,AQUA_M-T,Brasil,TOCANTINS,DIANOPOLIS,Cerrado,38,0,1,-11.497,-46.792,10.2
2021/06/26 17:00:00,AQUA_M-T,Brasil,MATO GROSSO,UNIAO DO SUL,Amazonia,35,0.2,0.8,-11.417,-54.27,20.3
2021/06/26 17:00:00,AQUA_M-T,Brasil,MATO GROSSO,SAO FELIX DO ARAGUAIA,Amazonia,39,0,1,-11.446,-52.065,78.5
2021/06/26 17:00:00,AQUA_M-T,Brasil,TOCANTINS,NATIVIDADE,Cerrado,39,0,1,-11.661,-47.651,10.3
2021/06/26 17:00:00,AQUA_M-T,Brasil,MATO GROSSO,UNIAO DO SUL,Amazonia,25,0.1,0.7,-11.394,-54.417,64.7
2021/06/26 17:00:00,AQUA_M-T,Brasil,MATO GROSSO,SAO FELIX DO ARAGUAIA,Amazonia,39,0,0.7,-11.447,-52.075,157.4
2021/06/26 17:00:00,AQUA_M-T,Brasil,TOCANTINS,PEIXE,Cerrado,38,0,1,-11.664,-48.401,21.3
2021/06/26 17:00:00,AQUA_M-T,Brasil,TOCANTINS,PEIXE,Cerrado,38,0,1,-11.665,-48.411,72.2
2021/06/26 17:00:00,AQUA_M-T,Brasil,MATO GROSSO,SAO FELIX DO ARAGUAIA,Amazonia,39,0,0.7,-11.42,-52.079,31.5
2021/06/26 17:00:00,AQUA_M-T,Brasil,MATO GROSSO,SAO FELIX DO ARAGUAIA,Amazonia,40,0,1,-11.455,-52.064,16.6
2021/06/26 17:00:00,AQUA_M-T,Brasil,MATO GROSSO,UNIAO DO SUL,Amazonia,34,0.1,0.7,-11.67,-54.27,23.2
2021/06/26 17:00:00,AQUA_M-T,Brasil,MATO GROSSO,UNIAO DO SUL,Amazonia,34,0.1,0.7,-11.672,-54.283,22
2021/06/26 17:00:00,AQUA_M-T,Brasil,MATO GROSSO,SAO FELIX DO ARAGUAIA,Amazonia,40,0,0.7,-11.457,-52.073,15
2021/06/26 17:00:00,AQUA_M-T,Brasil,MATO GROSSO,JUINA,Cerrado,25,0,0.7,-11.674,-59.216,33.2
2021/06/26 17:00:00,AQUA_M-T,Brasil,MATO GROSSO,CLAUDIA,Amazonia,35,0,0.8,-11.681,-54.782,37.5
2021/06/26 17:00:00,AQUA_M-T,Brasil,MATO GROSSO,SAO FELIX DO ARAGUAIA,Amazonia,39,0,0.8,-11.428,-52.068,122.8
2021/06/26 17:00:00,AQUA_M-T,Brasil,MATO GROSSO,CLAUDIA,Amazonia,34,0,0.7,-11.457,-55.095,22.5
2021/06/26 17:00:00,AQUA_M-T,Brasil,MATO GROSSO,CLAUDIA,Amazonia,35,0,0.7,-11.691,-54.767,19.5
2021/06/26 17:00:00,AQUA_M-T,Brasil,MATO GROSSO,UNIAO DO SUL,Amazonia,21,0.1,0.7,-11.397,-54.442,41
2021/06/26 17:00:00,AQUA_M-T,Brasil,MATO GROSSO,SINOP,Amazonia,34,0,0.7,-11.747,-55.121,102.6
2021/06/26 17:00:00,AQUA_M-T,Brasil,MATO GROSSO,COMODORO,Cerrado,23,0,0.6,-14.021,-59.588,694.6
2021/06/26 17:00:00,AQUA_M-T,Brasil,MATO GROSSO,NOVA NAZARE,Cerrado,36,0,0.8,-14.253,-52.03,12.7
2021/06/26 17:00:00,AQUA_M-T,Brasil,MATO GROSSO,NOVA NAZARE,Cerrado,37,0,0.8,-14.255,-52.04,13.4
2021/06/26 17:00:00,AQUA_M-T,Brasil,MATO GROSSO,NOVA NAZARE,Cerrado,35,0,0.8,-14.257,-52.024,19.1
2021/06/26 17:00:00,AQUA_M-T,Brasil,MATO GROSSO,NOVA NAZARE,Cerrado,36,0,0.9,-14.258,-52.034,41.1
2021/06/26 17:00:00,AQUA_M-T,Brasil,MATO GROSSO,NOVA NAZARE,Cerrado,37,0,0.9,-14.27,-52.054,15.7
2021/06/26 17:00:00,AQUA_M-T,Brasil,MATO GROSSO,NOVA NAZARE,Cerrado,37,0,1,-14.269,-52.043,18.1
2021/06/26 17:00:00,AQUA_M-T,Brasil,MATO GROSSO,CAMPINAPOLIS,Cerrado,33,0,1,-14.352,-53.385,12.5
2021/06/26 17:00:00,AQUA_M-T,Brasil,MATO GROSSO,TANGARA DA SERRA,Cerrado,26,0,1,-14.374,-58.41,27.7
2021/06/26 17:00:00,AQUA_M-T,Brasil,MATO GROSSO,TANGARA DA SERRA,Cerrado,28,0,1,-14.376,-58.417,31.6
2021/06/26 17:00:00,AQUA_M-T,Brasil,MATO GROSSO,NOVA XAVANTINA,Cerrado,33,0,1,-14.666,-52.66,13.6
2021/06/26 17:00:00,AQUA_M-T,Brasil,MATO GROSSO,NOVA XAVANTINA,Cerrado,33,0,1,-14.675,-52.659,54.8
2021/06/26 17:00:00,AQUA_M-T,Brasil,MATO GROSSO,NOVA XAVANTINA,Cerrado,26,0,1,-14.716,-52.5,9.8
2021/06/26 17:00:00,AQUA_M-T,Brasil,MATO GROSSO,GENERAL CARNEIRO,Cerrado,24,0,1,-15.601,-53.523,200.1
2021/06/26 17:00:00,AQUA_M-T,Brasil,MATO GROSSO,GENERAL CARNEIRO,Cerrado,23,0,0.9,-15.59,-53.524,120.6
2021/06/26 17:00:00,AQUA_M-T,Brasil,MATO GROSSO,GENERAL CARNEIRO,Cerrado,23,0,1,-15.592,-53.537,88.4
2021/06/26 17:00:00,AQUA_M-T,Brasil,MATO GROSSO,GENERAL CARNEIRO,Cerrado,24,0,1,-15.602,-53.536,621.8
2021/06/26 17:00:00,AQUA_M-T,Brasil,MATO GROSSO,CAMPO NOVO DO PARECIS,Cerrado,32,0,1,-13.661,-58.092,367.9
2021/06/26 17:00:00,AQUA_M-T,Brasil,MATO GROSSO,CAMPO NOVO DO PARECIS,Cerrado,32,0,1,-13.664,-58.118,257.2
2021/06/26 17:00:00,AQUA_M-T,Brasil,MATO GROSSO,CAMPO NOVO DO PARECIS,Cerrado,32,0,1,-13.676,-58.09,95.4
2021/06/26 17:00:00,AQUA_M-T,Brasil,MATO GROSSO,CAMPO NOVO DO PARECIS,Cerrado,31,0,1,-13.679,-58.116,53.9
2021/06/26 17:00:00,AQUA_M-T,Brasil,MATO GROSSO,CAMPO NOVO DO PARECIS,Cerrado,29,0,1,-13.844,-58.119,73.2
2021/06/26 17:00:00,AQUA_M-T,Brasil,MATO GROSSO,CAMPO NOVO DO PARECIS,Cerrado,28,0,1,-13.845,-58.112,40.8
2021/06/26 17:00:00,AQUA_M-T,Brasil,MATO GROSSO,COMODORO,Cerrado,33,0,0.7,-13.884,-59.686,88.1
2021/06/26 17:00:00,AQUA_M-T,Brasil,MATO GROSSO,COMODORO,Amazonia,4,0,1,-13.85,-60.347,56.1
2021/06/26 17:00:00,AQUA_M-T,Brasil,MATO GROSSO,COMODORO,Cerrado,33,0,0.7,-13.89,-59.681,143.6
2021/06/26 17:00:00,AQUA_M-T,Brasil,MATO GROSSO,COMODORO,Cerrado,33,0,0.8,-13.901,-59.684,133.3
2021/06/26 17:00:00,AQUA_M-T,Brasil,MATO GROSSO,COMODORO,Cerrado,33,0,0.8,-13.906,-59.679,61.4
2021/06/26 17:00:00,AQUA_M-T,Brasil,MATO GROSSO,COMODORO,Cerrado,22,0,0.6,-14.001,-59.555,335.9
2021/06/26 17:00:00,AQUA_M-T,Brasil,MATO GROSSO,COMODORO,Cerrado,22,0,0.8,-14.004,-59.59,223.4
2021/06/26 17:00:00,AQUA_M-T,Brasil,MATO GROSSO,COMODORO,Cerrado,24,0,0.6,-14.01,-59.561,614.7
2021/06/26 17:00:00,AQUA_M-T,Brasil,MATO GROSSO,COMODORO,Cerrado,22,0,0.6,-14.014,-59.597,101.3
2021/06/26 17:00:00,AQUA_M-T,Brasil,MATO GROSSO,NOVA NAZARE,Cerrado,35,0,0.8,-14.252,-52.02,10.7
2021/06/26 17:00:00,AQUA_M-T,Brasil,MATO GROSSO,COMODORO,Cerrado,26,0,0.6,-14.017,-59.553,1625.2
2021/06/26 17:00:00,AQUA_M-T,Brasil,MATO GROSSO,GENERAL CARNEIRO,Cerrado,25,0,1,-15.604,-53.549,109
2021/06/26 17:00:00,AQUA_M-T,Brasil,MATO GROSSO,GENERAL CARNEIRO,Cerrado,25,0,1,-15.613,-53.534,71.5
2021/06/26 17:00:00,AQUA_M-T,Brasil,MATO GROSSO,GENERAL CARNEIRO,Cerrado,27,0,1,-15.615,-53.547,618.2
2021/06/26 17:00:00,AQUA_M-T,Brasil,MATO GROSSO,GENERAL CARNEIRO,Cerrado,27,0,1,-15.616,-53.56,633
2021/06/26 17:00:00,AQUA_M-T,Brasil,MATO GROSSO,TESOURO,Cerrado,28,0,1,-15.625,-53.546,21.6
2021/06/26 17:00:00,AQUA_M-T,Brasil,MATO GROSSO,CLAUDIA,Amazonia,34,0,0.8,-11.459,-55.103,36.9
2021/06/26 17:00:00,AQUA_M-T,Brasil,TOCANTINS,CARIRI DO TOCANTINS,Cerrado,39,0,1,-11.759,-49.167,17.2
2021/06/26 17:00:00,AQUA_M-T,Brasil,MATO GROSSO,SAO FELIX DO ARAGUAIA,Amazonia,39,0,0.7,-11.429,-52.077,81.5
2021/06/26 17:00:00,AQUA_M-T,Brasil,MATO GROSSO,CLAUDIA,Amazonia,34,0,0.8,-11.47,-55.101,22.3
2021/06/26 17:00:00,AQUA_M-T,Brasil,MATO GROSSO,IPIRANGA DO NORTE,Amazonia,31,0,0.8,-11.768,-56.067,18.9
2021/06/26 17:00:00,AQUA_M-T,Brasil,MATO GROSSO,PORTO DOS GAUCHOS,Amazonia,34,0,0.8,-11.801,-56.425,24.7
2021/06/26 17:00:00,AQUA_M-T,Brasil,MATO GROSSO,SAO FELIX DO ARAGUAIA,Amazonia,27,0,1,-11.474,-51.992,14.4
2021/06/26 17:00:00,AQUA_M-T,Brasil,MATO GROSSO,PORTO DOS GAUCHOS,Amazonia,34,0,0.8,-11.804,-56.443,39.3
2021/06/26 17:00:00,AQUA_M-T,Brasil,MINAS GERAIS,SACRAMENTO,Cerrado,14,0,0.8,-20.059,-47.165,7.5
2021/06/26 17:00:00,AQUA_M-T,Brasil,TOCANTINS,LAGOA DA CONFUSAO,Cerrado,39,0,1,-10.872,-49.773,39
2021/06/26 17:00:00,AQUA_M-T,Brasil,SAO PAULO,IGARAPAVA,Cerrado,8,0,1,-20.008,-47.81,7.5
2021/06/26 17:00:00,AQUA_M-T,Brasil,MATO GROSSO,NOVO SANTO ANTONIO,Cerrado,38,0,1,-12.205,-51.045,8.2
2021/06/26 17:00:00,AQUA_M-T,Brasil,TOCANTINS,SUCUPIRA,Cerrado,39,0,0.9,-12.236,-48.906,10.3
2021/06/26 17:00:00,AQUA_M-T,Brasil,MATO GROSSO,NOVA MARINGA,Amazonia,38,0,0.9,-12.239,-57.107,33.8
2021/06/26 17:00:00,AQUA_M-T,Brasil,TOCANTINS,TAGUATINGA,Cerrado,37,0,1,-12.268,-46.741,41.6
2021/06/26 17:00:00,AQUA_M-T,Brasil,TOCANTINS,FORMOSO DO ARAGUAIA,Cerrado,39,0,1,-12.298,-50.401,17.6
2021/06/26 17:00:00,AQUA_M-T,Brasil,TOCANTINS,FORMOSO DO ARAGUAIA,Cerrado,39,0,1,-12.299,-50.41,12.4
2021/06/26 17:00:00,AQUA_M-T,Brasil,TOCANTINS,FORMOSO DO ARAGUAIA,Cerrado,39,0,1,-12.301,-50.363,24
2021/06/26 17:00:00,AQUA_M-T,Brasil,MATO GROSSO,FELIZ NATAL,Amazonia,21,0,0.8,-12.376,-55.04,19.9
2021/06/26 17:00:00,AQUA_M-T,Brasil,TOCANTINS,FORMOSO DO ARAGUAIA,Cerrado,39,0,1,-12.303,-50.372,82.4
2021/06/26 17:00:00,AQUA_M-T,Brasil,TOCANTINS,FORMOSO DO ARAGUAIA,Cerrado,39,0,1,-12.304,-50.381,16.4
2021/06/26 17:00:00,AQUA_M-T,Brasil,MATO GROSSO,FELIZ NATAL,Amazonia,21,0,0.6,-12.378,-55.055,18.4
2021/06/26 17:00:00,AQUA_M-T,Brasil,TOCANTINS,CONCEICAO DO TOCANTINS,Cerrado,37,0,1,-12.381,-47.474,13.8
2021/06/26 17:00:00,AQUA_M-T,Brasil,MATO GROSSO,NOVA UBIRATA,Amazonia,39,0,1,-12.397,-54.485,13.9
2021/06/26 17:00:00,AQUA_M-T,Brasil,MATO GROSSO,BOM JESUS DO ARAGUAIA,Amazonia,47,0,1,-12.402,-51.673,11
2021/06/26 17:00:00,AQUA_M-T,Brasil,MATO GROSSO,BOM JESUS DO ARAGUAIA,Cerrado,46,0,1,-12.408,-51.652,76.8
2021/06/26 17:00:00,AQUA_M-T,Brasil,MATO GROSSO,BOM JESUS DO ARAGUAIA,Amazonia,47,0,1,-12.411,-51.672,44
2021/06/26 17:00:00,AQUA_M-T,Brasil,MATO GROSSO,BOM JESUS DO ARAGUAIA,Amazonia,46,0,1,-12.41,-51.662,57
2021/06/26 17:00:00,AQUA_M-T,Brasil,MATO GROSSO,BOM JESUS DO ARAGUAIA,Amazonia,46,0,1,-12.42,-51.67,121.2
2021/06/26 17:00:00,AQUA_M-T,Brasil,MATO GROSSO,BOM JESUS DO ARAGUAIA,Amazonia,46,0,1,-12.422,-51.68,57
2021/06/26 17:00:00,AQUA_M-T,Brasil,TOCANTINS,FORMOSO DO ARAGUAIA,Cerrado,39,0,1,-12.43,-50.235,12.3
2021/06/26 17:00:00,AQUA_M-T,Brasil,TOCANTINS,FORMOSO DO ARAGUAIA,Cerrado,39,0,1,-12.431,-50.244,9.9
2021/06/26 17:00:00,AQUA_M-T,Brasil,MATO GROSSO,PARANATINGA,Amazonia,55,0,0.8,-12.458,-54.069,12.7
2021/06/26 17:00:00,AQUA_M-T,Brasil,MATO GROSSO,PARANATINGA,Amazonia,52,0,0.8,-12.459,-54.082,46.7
2021/06/26 17:00:00,AQUA_M-T,Brasil,TOCANTINS,PARANA,Cerrado,16,0,1,-12.617,-48.078,8.7
2021/06/26 17:00:00,AQUA_M-T,Brasil,MATO GROSSO,NOVA MARINGA,Amazonia,32,0,0.7,-12.664,-57.31,62
2021/06/26 17:00:00,AQUA_M-T,Brasil,MATO GROSSO,NOVA MARINGA,Amazonia,30,0,0.9,-12.669,-57.355,29.1
2021/06/26 17:00:00,AQUA_M-T,Brasil,MATO GROSSO,PARANATINGA,Amazonia,40,0,0.8,-12.564,-54.023,33
2021/06/26 17:00:00,AQUA_M-T,Brasil,MATO GROSSO,NOVA MARINGA,Amazonia,29,0,0.7,-12.683,-57.353,278.6
2021/06/26 17:00:00,AQUA_M-T,Brasil,MATO GROSSO,NOVA MARINGA,Amazonia,26,0,0.7,-12.686,-57.376,171.2
2021/06/26 17:00:00,AQUA_M-T,Brasil,MATO GROSSO,NOVA MARINGA,Amazonia,28,0,1,-12.719,-57.011,33.4
2021/06/26 17:00:00,AQUA_M-T,Brasil,TOCANTINS,AURORA DO TOCANTINS,Cerrado,38,0,1,-12.752,-46.302,15.7
2021/06/26 17:00:00,AQUA_M-T,Brasil,MATO GROSSO,NOVA MARINGA,Amazonia,25,0,0.8,-12.804,-56.845,773.4
2021/06/26 17:00:00,AQUA_M-T,Brasil,MATO GROSSO,NOVA MARINGA,Amazonia,27,0,0.8,-12.802,-56.825,335.7
2021/06/26 17:00:00,AQUA_M-T,Brasil,MATO GROSSO,NOVA MARINGA,Amazonia,29,0,0.8,-12.815,-56.823,205.6
2021/06/26 17:00:00,AQUA_M-T,Brasil,MATO GROSSO,NOVA MARINGA,Amazonia,28,0,0.8,-12.817,-56.844,792.7
2021/06/26 17:00:00,AQUA_M-T,Brasil,MATO GROSSO,GAUCHA DO NORTE,Amazonia,36,0,1,-13.124,-52.945,34
2021/06/26 17:00:00,AQUA_M-T,Brasil,MATO GROSSO,GAUCHA DO NORTE,Amazonia,36,0,0.8,-13.142,-52.931,17.1
2021/06/26 17:00:00,AQUA_M-T,Brasil,MATO GROSSO,GAUCHA DO NORTE,Amazonia,35,0,1,-13.144,-52.943,23.7
2021/06/26 17:00:00,AQUA_M-T,Brasil,TOCANTINS,PARANA,Cerrado,11,0,0.7,-13.373,-47.656,12
2021/06/26 17:00:00,AQUA_M-T,Brasil,MATO GROSSO,CAMPO NOVO DO PARECIS,Cerrado,32,0,1,-13.663,-58.126,63
2021/06/26 17:00:00,AQUA_M-T,Brasil,MATO GROSSO,CAMPO NOVO DO PARECIS,Cerrado,32,0,1,-13.66,-58.099,255.3
2021/06/26 17:00:00,AQUA_M-T,Brasil,MINAS GERAIS,ARICANDUVA,Mata Atlantica,35,0,1,-17.899,-42.655,17.4
2021/06/26 17:00:00,AQUA_M-T,Brasil,MINAS GERAIS,PRESIDENTE OLEGARIO,Cerrado,15,0,1,-17.986,-46.323,21.8
2021/06/26 17:00:00,AQUA_M-T,Brasil,GOIAS,MAURILANDIA,Cerrado,15,0,1,-18.031,-50.326,9.3
2021/06/26 17:00:00,AQUA_M-T,Brasil,MINAS GERAIS,CORINTO,Cerrado,30,0,1,-18.352,-44.469,46.5
2021/06/26 17:00:00,AQUA_M-T,Brasil,MINAS GERAIS,CORINTO,Cerrado,30,0,1,-18.363,-44.466,13
2021/06/26 17:00:00,AQUA_M-T,Brasil,ESPIRITO SANTO,NOVA VENECIA,Mata Atlantica,30,0,1,-18.455,-40.523,51.6
2021/06/26 17:00:00,AQUA_M-T,Brasil,MATO GROSSO DO SUL,RIO VERDE DE MATO GROSSO,Pantanal,15,0,1,-18.571,-55.381,86.4
2021/06/26 17:00:00,AQUA_M-T,Brasil,MINAS GERAIS,BIQUINHAS,Cerrado,16,0,1,-18.742,-45.482,9.7
2021/06/26 17:00:00,AQUA_M-T,Brasil,MATO GROSSO DO SUL,CORUMBA,Pantanal,15,0,0.9,-18.573,-55.401,31.5
2021/06/26 17:00:00,AQUA_M-T,Brasil,MATO GROSSO DO SUL,CORUMBA,Pantanal,15,0.1,1,-18.596,-55.975,46.9
2021/06/26 17:00:00,AQUA_M-T,Brasil,MINAS GERAIS,BIQUINHAS,Cerrado,15,0,1,-18.744,-45.494,23.4
2021/06/26 17:00:00,AQUA_M-T,Brasil,MINAS GERAIS,TUPACIGUARA,Cerrado,15,0,1,-18.771,-48.605,12.1
2021/06/26 17:00:00,AQUA_M-T,Brasil,MINAS GERAIS,TUPACIGUARA,Cerrado,15,0,1,-18.779,-48.594,11.8
2021/06/26 17:00:00,AQUA_M-T,Brasil,MINAS GERAIS,MONTE ALEGRE DE MINAS,Cerrado,15,0,1,-18.78,-48.603,92.9
2021/06/26 17:00:00,AQUA_M-T,Brasil,MATO GROSSO DO SUL,CORUMBA,Pantanal,15,0.1,0.9,-18.83,-57.363,29.7
2021/06/26 17:00:00,AQUA_M-T,Brasil,MINAS GERAIS,ITUIUTABA,Cerrado,15,0,1,-18.837,-49.451,46.3
2021/06/26 17:00:00,AQUA_M-T,Brasil,MINAS GERAIS,ITUIUTABA,Cerrado,15,0,1,-18.836,-49.442,70.1
2021/06/26 17:00:00,AQUA_M-T,Brasil,MINAS GERAIS,ITUIUTABA,Mata Atlantica,15,0,1,-18.845,-49.44,15.4
2021/06/26 17:00:00,AQUA_M-T,Brasil,MINAS GERAIS,ITUIUTABA,Cerrado,15,0,1,-18.846,-49.45,61.2
2021/06/26 17:00:00,AQUA_M-T,Brasil,MINAS GERAIS,PATROCINIO,Cerrado,15,0,1,-18.906,-47.159,5.5
2021/06/26 17:00:00,AQUA_M-T,Brasil,MINAS GERAIS,PATROCINIO,Cerrado,15,0,1,-18.907,-47.169,7.5
2021/06/26 17:00:00,AQUA_M-T,Brasil,MINAS GERAIS,FUNILANDIA,Cerrado,35,0,1,-19.281,-44.09,21
2021/06/26 17:00:00,AQUA_M-T,Brasil,MINAS GERAIS,JEQUITIBA,Cerrado,35,0,1,-19.283,-44.104,20.2
2021/06/26 17:00:00,AQUA_M-T,Brasil,MINAS GERAIS,INHAUMA,Cerrado,14,0,1,-19.502,-44.373,12.8
2021/06/26 17:00:00,AQUA_M-T,Brasil,MINAS GERAIS,INHAUMA,Cerrado,14,0,1,-19.51,-44.357,11.1
2021/06/26 17:00:00,AQUA_M-T,Brasil,MINAS GERAIS,CACHOEIRA DA PRATA,Cerrado,14,0,1,-19.514,-44.512,16.5
2021/06/26 17:00:00,AQUA_M-T,Brasil,MINAS GERAIS,INHAUMA,Cerrado,14,0,1,-19.5,-44.359,28
2021/06/26 17:00:00,AQUA_M-T,Brasil,MINAS GERAIS,UBERABA,Cerrado,15,0,1,-19.539,-47.753,6.1
2021/06/26 17:00:00,AQUA_M-T,Brasil,MINAS GERAIS,UBERABA,Cerrado,15,0,1,-19.548,-47.751,34.3
2021/06/26 17:00:00,AQUA_M-T,Brasil,SAO PAULO,ALTAIR,Cerrado,15,0,1,-20.607,-49.029,17.6
2021/06/26 17:00:00,AQUA_M-T,Brasil,MINAS GERAIS,SACRAMENTO,Cerrado,15,0,1,-20.109,-47.007,6.2
2021/06/26 17:00:00,AQUA_M-T,Brasil,SAO PAULO,ONDA VERDE,Cerrado,15,0,1,-20.564,-49.19,24.4
2021/06/26 17:00:00,AQUA_M-T,Brasil,SAO PAULO,ONDA VERDE,Cerrado,15,0,1,-20.566,-49.2,19.7
2021/06/26 17:00:00,AQUA_M-T,Brasil,MATO GROSSO DO SUL,APARECIDA DO TABOADO,Cerrado,15,0,1,-20.184,-51.268,16.3
2021/06/26 17:00:00,AQUA_M-T,Brasil,MATO GROSSO DO SUL,APARECIDA DO TABOADO,Cerrado,15,0,1,-20.185,-51.28,19.1
2021/06/26 17:00:00,AQUA_M-T,Brasil,SAO PAULO,ALTAIR,Cerrado,15,0,1,-20.595,-49.011,12.1
2021/06/26 17:00:00,AQUA_M-T,Brasil,MINAS GERAIS,BRUMADINHO,Mata Atlantica,14,0,-999,-20.141,-44.208,12.3
2021/06/26 17:00:00,AQUA_M-T,Brasil,SAO PAULO,ALTAIR,Cerrado,15,0,1,-20.596,-49.021,22.8
2021/06/26 17:00:00,AQUA_M-T,Brasil,SAO PAULO,ALTAIR,Cerrado,15,0,1,-20.605,-49.019,11.3
2021/06/26 17:00:00,AQUA_M-T,Brasil,MINAS GERAIS,BRUMADINHO,Mata Atlantica,14,0,0.9,-20.139,-44.194,19.6
2021/06/26 17:00:00,AQUA_M-T,Brasil,MINAS GERAIS,SACRAMENTO,Cerrado,15,0,0.9,-20.11,-47.017,16
2021/06/26 17:00:00,AQUA_M-T,Brasil,SAO PAULO,ALTAIR,Cerrado,15,0,1,-20.616,-49.027,295.8
2021/06/26 17:00:00,AQUA_M-T,Brasil,SAO PAULO,ALTAIR,Cerrado,15,0,1,-20.617,-49.037,192.3
2021/06/26 17:00:00,AQUA_M-T,Brasil,SAO PAULO,TURIUBA,Mata Atlantica,15,0,1,-20.946,-50.171,31.6
2021/06/26 17:00:00,AQUA_M-T,Brasil,MATO GROSSO DO SUL,DOIS IRMAOS DO BURITI,Cerrado,5,3.1,0.1,-20.929,-55.365,134.7
2021/06/26 17:00:00,AQUA_M-T,Brasil,MINAS GERAIS,CARANDAI,Mata Atlantica,4,0,0.9,-20.937,-43.867,20.7
2021/06/26 17:00:00,AQUA_M-T,Brasil,SAO PAULO,LOURDES,Mata Atlantica,15,0,1,-20.948,-50.181,103.5
2021/06/26 17:00:00,AQUA_M-T,Brasil,SAO PAULO,LOURDES,Mata Atlantica,15,0,1,-20.957,-50.179,17.9
2021/06/26 17:00:00,AQUA_M-T,Brasil,SAO PAULO,TABAPUA,Mata Atlantica,15,0,1,-20.969,-48.995,15.7
2021/06/26 17:00:00,AQUA_M-T,Brasil,SAO PAULO,RIBEIRAO PRETO,Cerrado,15,0,1,-21.089,-47.778,12
2021/06/26 17:00:00,AQUA_M-T,Brasil,SAO PAULO,RIBEIRAO PRETO,Cerrado,15,0,-999,-21.216,-47.833,38.4
2021/06/26 17:00:00,AQUA_M-T,Brasil,SAO PAULO,MIRANDOPOLIS,Mata Atlantica,15,0.1,0.9,-21.117,-51.159,10.5
2021/06/26 17:00:00,AQUA_M-T,Brasil,MATO GROSSO,GENERAL CARNEIRO,Cerrado,27,0,1,-15.618,-53.574,26
2021/06/26 17:00:00,AQUA_M-T,Brasil,MATO GROSSO,GENERAL CARNEIRO,Cerrado,29,0,1,-15.627,-53.559,215.1
2021/06/26 17:00:00,AQUA_M-T,Brasil,MATO GROSSO,GENERAL CARNEIRO,Cerrado,28,0,1,-15.629,-53.572,24.4
2021/06/26 17:00:00,AQUA_M-T,Brasil,MATO GROSSO,CUIABA,Cerrado,18,0,1,-15.673,-55.932,19.6
2021/06/26 17:00:00,AQUA_M-T,Brasil,MATO GROSSO,DOM AQUINO,Cerrado,23,0,1,-15.885,-54.822,13.9
2021/06/26 17:00:00,AQUA_M-T,Brasil,MARANHAO,SAO FELIX DE BALSAS,Cerrado,38,0,1,-7.276,-44.875,26
2021/06/26 17:00:00,AQUA_M-T,Brasil,MARANHAO,SAO FELIX DE BALSAS,Cerrado,41,0,1,-7.286,-44.868,32.3
2021/06/26 17:00:00,AQUA_M-T,Brasil,MARANHAO,SAO FELIX DE BALSAS,Cerrado,41,0,1,-7.289,-44.873,22.8
2021/06/26 17:00:00,AQUA_M-T,Brasil,MARANHAO,BALSAS,Cerrado,22,0,1,-7.886,-46.276,23.3
2021/06/26 17:00:00,AQUA_M-T,Brasil,TOCANTINS,COLINAS DO TOCANTINS,Cerrado,0,0,0.9,-8.003,-48.478,8
2021/06/26 17:00:00,AQUA_M-T,Brasil,TOCANTINS,COLINAS DO TOCANTINS,Cerrado,0,0,0.9,-8.001,-48.467,12.3
2021/06/26 17:00:00,AQUA_M-T,Brasil,MARANHAO,BALSAS,Cerrado,4,0,1,-8.081,-46.367,71.3
2021/06/26 17:00:00,AQUA_M-T,Brasil,MARANHAO,BALSAS,Cerrado,4,0,1,-8.084,-46.372,126.1
2021/06/26 17:00:00,AQUA_M-T,Brasil,MARANHAO,BALSAS,Cerrado,6,0,1,-8.084,-46.382,81.8
2021/06/26 17:00:00,AQUA_M-T,Brasil,MARANHAO,BALSAS,Cerrado,7,0,1,-8.086,-46.387,27
2021/06/26 17:00:00,AQUA_M-T,Brasil,MARANHAO,BALSAS,Cerrado,4,0,1,-8.093,-46.365,35.3
2021/06/26 17:00:00,AQUA_M-T,Brasil,MARANHAO,BALSAS,Cerrado,5,0,1,-8.095,-46.37,29.2
2021/06/26 17:00:00,AQUA_M-T,Brasil,TOCANTINS,ITAPIRATINS,Cerrado,2,0,0.9,-8.435,-48.027,9.5
2021/06/26 17:00:00,AQUA_M-T,Brasil,TOCANTINS,ITAPIRATINS,Cerrado,2,0,0.8,-8.436,-48.031,13.5
2021/06/26 17:00:00,AQUA_M-T,Brasil,MARANHAO,BALSAS,Cerrado,10,0,1,-8.484,-46.293,22.7
2021/06/26 17:00:00,AQUA_M-T,Brasil,PARA,SANTA MARIA DAS BARREIRAS,Amazonia,35,0,1,-8.63,-50.423,7.2
2021/06/26 17:00:00,AQUA_M-T,Brasil,TOCANTINS,GUARAI,Cerrado,36,0,1,-8.677,-48.268,17.4
2021/06/26 17:00:00,AQUA_M-T,Brasil,MARANHAO,BALSAS,Cerrado,2,0,0.9,-8.708,-46.848,11.6
2021/06/26 17:00:00,AQUA_M-T,Brasil,MARANHAO,BALSAS,Cerrado,2,0,1,-8.712,-46.856,10.4
2021/06/26 17:00:00,AQUA_M-T,Brasil,TOCANTINS,RECURSOLANDIA,Cerrado,2,0,1,-8.776,-47.195,10.6
2021/06/26 17:00:00,AQUA_M-T,Brasil,TOCANTINS,RECURSOLANDIA,Cerrado,2,0,1,-8.774,-47.183,13.8
2021/06/26 17:00:00,AQUA_M-T,Brasil,TOCANTINS,GOIANORTE,Cerrado,39,0,1,-8.842,-49.036,12.1
2021/06/26 17:00:00,AQUA_M-T,Brasil,TOCANTINS,ARAGUACEMA,Cerrado,41,0,1,-8.867,-49.276,20.7
2021/06/26 17:00:00,AQUA_M-T,Brasil,TOCANTINS,LIZARDA,Cerrado,29,0,1,-9.307,-47.06,15.8
2021/06/26 17:00:00,AQUA_M-T,Brasil,TOCANTINS,LIZARDA,Cerrado,30,0,1,-9.309,-47.073,41.8
2021/06/26 17:00:00,AQUA_M-T,Brasil,TOCANTINS,TOCANTINIA,Cerrado,14,0,1,-9.437,-48.089,7.1
2021/06/26 17:00:00,AQUA_M-T,Brasil,MATO GROSSO,NOVA BANDEIRANTES,Amazonia,6,0,0.4,-9.484,-58.2,23.5
2021/06/26 17:00:00,AQUA_M-T,Brasil,TOCANTINS,RIO SONO,Cerrado,22,0,1,-9.528,-47.88,11
2021/06/26 17:00:00,AQUA_M-T,Brasil,MATO GROSSO,ALTA FLORESTA,Amazonia,34,0.5,0.4,-9.509,-56.12,26.6
2021/06/26 17:00:00,AQUA_M-T,Brasil,TOCANTINS,TOCANTINIA,Cerrado,39,0,1,-9.521,-48.172,7.4
2021/06/26 17:00:00,AQUA_M-T,Brasil,TOCANTINS,ABREULANDIA,Cerrado,42,0,1,-9.529,-49.272,20
2021/06/26 17:00:00,AQUA_M-T,Brasil,TOCANTINS,TOCANTINIA,Cerrado,21,0,1,-9.547,-48.003,7.5
2021/06/26 17:00:00,AQUA_M-T,Brasil,TOCANTINS,TOCANTINIA,Cerrado,39,0,1,-9.564,-48.113,24.3
2021/06/26 17:00:00,AQUA_M-T,Brasil,TOCANTINS,TOCANTINIA,Cerrado,39,0,1,-9.566,-48.125,18.9
2021/06/26 17:00:00,AQUA_M-T,Brasil,TOCANTINS,TOCANTINIA,Cerrado,39,0,1,-9.568,-48.136,11.2
2021/06/26 17:00:00,AQUA_M-T,Brasil,TOCANTINS,TOCANTINIA,Cerrado,39,0,1,-9.644,-48.039,30
2021/06/26 17:00:00,AQUA_M-T,Brasil,TOCANTINS,TOCANTINIA,Cerrado,36,0,1,-9.633,-48.035,19.7
2021/06/26 17:00:00,AQUA_M-T,Brasil,TOCANTINS,TOCANTINIA,Cerrado,6,0,0.9,-9.652,-47.958,10.3
2021/06/26 17:00:00,AQUA_M-T,Brasil,TOCANTINS,TOCANTINIA,Cerrado,8,0,1,-9.662,-47.956,8.1
2021/06/26 17:00:00,AQUA_M-T,Brasil,TOCANTINS,TOCANTINIA,Cerrado,41,0,1,-9.666,-48.047,17.7
2021/06/26 17:00:00,AQUA_M-T,Brasil,TOCANTINS,TOCANTINIA,Cerrado,42,0,1,-9.667,-48.058,9.5
2021/06/26 17:00:00,AQUA_M-T,Brasil,TOCANTINS,TOCANTINIA,Cerrado,41,0,1,-9.731,-48.215,17.4
2021/06/26 17:00:00,AQUA_M-T,Brasil,TOCANTINS,LIZARDA,Cerrado,44,0,1,-9.838,-46.642,11.2
2021/06/26 17:00:00,AQUA_M-T,Brasil,TOCANTINS,MARIANOPOLIS DO TOCANTINS,Cerrado,39,0,1,-9.947,-49.613,14.7
2021/06/26 17:00:00,AQUA_M-T,Brasil,BAHIA,BARRA,Caatinga,59,0,1,-10.639,-43.331,36.1
2021/06/26 17:00:00,AQUA_M-T,Brasil,PIAUI,CRISTALANDIA DO PIAUI,Cerrado,43,0,1,-10.742,-45.033,22.5
2021/06/26 17:00:00,AQUA_M-T,Brasil,BAHIA,BARRA,Cerrado,44,0,1,-11.007,-43.166,23.4
2021/06/26 17:00:00,AQUA_M-T,Brasil,BAHIA,FORMOSA DO RIO PRETO,Cerrado,39,0,1,-11.121,-46.157,16.7
2021/06/26 17:00:00,AQUA_M-T,Brasil,BAHIA,BARREIRAS,Cerrado,39,0,1,-11.917,-46.027,28.8
2021/06/26 17:00:00,AQUA_M-T,Brasil,BAHIA,IBOTIRAMA,Cerrado,45,0,1,-12.166,-43.209,33.2
2021/06/26 17:00:00,AQUA_M-T,Brasil,BAHIA,IBOTIRAMA,Caatinga,44,0,1,-12.162,-43.187,23.3
2021/06/26 17:00:00,AQUA_M-T,Brasil,BAHIA,CORRENTINA,Cerrado,38,0,1,-13.026,-44.861,21.5
2021/06/26 17:00:00,AQUA_M-T,Brasil,BAHIA,CORRENTINA,Cerrado,38,0,1,-13.038,-44.859,25.3
2021/06/26 17:00:00,AQUA_M-T,Brasil,GOIAS,CAVALCANTE,Cerrado,11,0,1,-13.437,-47.352,11.3
2021/06/26 17:00:00,AQUA_M-T,Brasil,GOIAS,CAVALCANTE,Cerrado,11,0,1,-13.447,-47.35,8.6
2021/06/26 17:00:00,AQUA_M-T,Brasil,TOCANTINS,LIZARDA,Cerrado,44,0,1,-9.84,-46.655,10.5
2021/06/26 17:00:00,AQUA_M-T,Brasil,GOIAS,CAVALCANTE,Cerrado,11,0,1,-13.435,-47.341,10.2
2021/06/26 17:00:00,AQUA_M-T,Brasil,TOCANTINS,MARIANOPOLIS DO TOCANTINS,Cerrado,39,0,1,-9.946,-49.603,26.6
2021/06/26 17:00:00,AQUA_M-T,Brasil,GOIAS,CAVALCANTE,Cerrado,12,0,0.9,-13.332,-47.999,6
2021/06/26 17:00:00,AQUA_M-T,Brasil,TOCANTINS,LAGOA DA CONFUSAO,Cerrado,39,0,1,-10.863,-49.774,31.7
2021/06/26 17:00:00,AQUA_M-T,Brasil,TOCANTINS,SAO FELIX DO TOCANTINS,Cerrado,38,0,1,-10.036,-46.733,41.7
2021/06/26 17:00:00,AQUA_M-T,Brasil,TOCANTINS,SAO FELIX DO TOCANTINS,Cerrado,38,0,1,-10.038,-46.747,23.1
2021/06/26 17:00:00,AQUA_M-T,Brasil,MATO GROSSO,VILA RICA,Amazonia,38,0,0.9,-10.062,-51.692,24
2021/06/26 17:00:00,AQUA_M-T,Brasil,MATO GROSSO,SANTA CRUZ DO XINGU,Amazonia,0,0.1,0.5,-10.102,-52.767,25.4
2021/06/26 17:00:00,AQUA_M-T,Brasil,MATO GROSSO,SANTA CRUZ DO XINGU,Amazonia,0,0.1,0.4,-10.092,-52.768,23.9
2021/06/26 17:00:00,AQUA_M-T,Brasil,MATO GROSSO,SANTA CRUZ DO XINGU,Amazonia,0,0,0.8,-10.111,-52.765,15.4
2021/06/26 17:00:00,AQUA_M-T,Brasil,MATO GROSSO,CONFRESA,Amazonia,34,0,1,-10.178,-51.606,19.7
2021/06/26 17:00:00,AQUA_M-T,Brasil,TOCANTINS,PARAISO DO TOCANTINS,Cerrado,39,0,1,-10.22,-49.027,7.8
2021/06/26 17:00:00,AQUA_M-T,Brasil,MATO GROSSO,CONFRESA,Amazonia,34,0,1,-10.3,-51.422,12.2
2021/06/26 17:00:00,AQUA_M-T,Brasil,TOCANTINS,PIUM,Cerrado,31,0,1,-10.309,-50.266,24.9
2021/06/26 17:00:00,AQUA_M-T,Brasil,TOCANTINS,PIUM,Cerrado,32,0,1,-10.311,-50.275,6.3
2021/06/26 17:00:00,AQUA_M-T,Brasil,TOCANTINS,PIUM,Cerrado,35,0,1,-10.445,-49.558,42.7
2021/06/26 17:00:00,AQUA_M-T,Brasil,TOCANTINS,PONTE ALTA DO TOCANTINS,Cerrado,42,0,1,-10.408,-47.21,52.3
2021/06/26 17:00:00,AQUA_M-T,Brasil,TOCANTINS,PONTE ALTA DO TOCANTINS,Cerrado,43,0,1,-10.419,-47.209,18.7
2021/06/26 17:00:00,AQUA_M-T,Brasil,TOCANTINS,PIUM,Cerrado,39,0,-999,-10.499,-50.495,7.8
2021/06/26 17:00:00,AQUA_M-T,Brasil,TOCANTINS,MATEIROS,Cerrado,20,0,1,-10.504,-46.982,216
2021/06/26 17:00:00,AQUA_M-T,Brasil,TOCANTINS,MATEIROS,Cerrado,22,0,1,-10.506,-46.994,137.6
2021/06/26 17:00:00,AQUA_M-T,Brasil,TOCANTINS,MATEIROS,Cerrado,21,0,1,-10.514,-46.98,104.2
2021/06/26 17:00:00,AQUA_M-T,Brasil,TOCANTINS,MATEIROS,Cerrado,23,0,1,-10.516,-46.993,82.7
2021/06/26 17:00:00,AQUA_M-T,Brasil,TOCANTINS,MATEIROS,Cerrado,21,0,1,-10.525,-46.979,56.2
2021/06/26 17:00:00,AQUA_M-T,Brasil,MATO GROSSO,JUARA,Amazonia,22,0,0.6,-10.518,-57.289,56.3
2021/06/26 17:00:00,AQUA_M-T,Brasil,MATO GROSSO,JUARA,Amazonia,22,0,0.7,-10.528,-57.282,92
2021/06/26 17:00:00,AQUA_M-T,Brasil,TOCANTINS,MATEIROS,Cerrado,22,0,1,-10.535,-46.977,17.2
2021/06/26 17:00:00,AQUA_M-T,Brasil,TOCANTINS,CRISTALANDIA,Cerrado,39,0,0.9,-10.552,-49.341,11.9
2021/06/26 17:00:00,AQUA_M-T,Brasil,TOCANTINS,MATEIROS,Cerrado,19,0,1,-10.554,-46.961,12.8
2021/06/26 17:00:00,AQUA_M-T,Brasil,MATO GROSSO,MARCELANDIA,Amazonia,22,0.2,0.6,-10.56,-54.353,23.9
2021/06/26 17:00:00,AQUA_M-T,Brasil,TOCANTINS,MATEIROS,Cerrado,18,0,1,-10.565,-46.96,36.5
2021/06/26 17:00:00,AQUA_M-T,Brasil,MATO GROSSO,ALTA FLORESTA,Amazonia,22,2.8,0.9,-10.565,-56.423,120.6
2021/06/26 17:00:00,AQUA_M-T,Brasil,MATO GROSSO,MARCELANDIA,Amazonia,24,0.2,0.6,-10.571,-54.351,900.4
2021/06/26 17:00:00,AQUA_M-T,Brasil,MATO GROSSO,ALTA FLORESTA,Amazonia,19,2.6,0.7,-10.567,-56.441,32.6
2021/06/26 17:00:00,AQUA_M-T,Brasil,TOCANTINS,MATEIROS,Cerrado,16,0,1,-10.569,-46.953,66
2021/06/26 17:00:00,AQUA_M-T,Brasil,TOCANTINS,MATEIROS,Cerrado,16,0,1,-10.573,-46.945,60.7
2021/06/26 17:00:00,AQUA_M-T,Brasil,MATO GROSSO,MARCELANDIA,Amazonia,26,0.2,0.9,-10.573,-54.364,130.1
2021/06/26 17:00:00,AQUA_M-T,Brasil,TOCANTINS,MATEIROS,Cerrado,17,0,1,-10.575,-46.958,35.7
2021/06/26 17:00:00,AQUA_M-T,Brasil,TOCANTINS,MATEIROS,Cerrado,17,0,1,-10.578,-46.939,58.6
2021/06/26 17:00:00,AQUA_M-T,Brasil,MATO GROSSO,MARCELANDIA,Amazonia,26,0.2,0.6,-10.581,-54.35,426.1
2021/06/26 17:00:00,AQUA_M-T,Brasil,TOCANTINS,MATEIROS,Cerrado,15,0,1,-10.58,-46.951,99.7
2021/06/26 17:00:00,AQUA_M-T,Brasil,TOCANTINS,MATEIROS,Cerrado,16,0,1,-10.588,-46.937,77.2
2021/06/26 17:00:00,AQUA_M-T,Brasil,TOCANTINS,MATEIROS,Cerrado,14,0,1,-10.59,-46.95,12
2021/06/26 17:00:00,AQUA_M-T,Brasil,TOCANTINS,MATEIROS,Cerrado,18,0,1,-10.597,-46.923,15.5
2021/06/26 17:00:00,AQUA_M-T,Brasil,TOCANTINS,MATEIROS,Cerrado,16,0,1,-10.599,-46.936,54.8
2021/06/26 17:00:00,AQUA_M-T,Brasil,MATO GROSSO,MARCELANDIA,Amazonia,34,0,0.6,-10.608,-53.711,142.3
2021/06/26 17:00:00,AQUA_M-T,Brasil,MATO GROSSO,MARCELANDIA,Amazonia,34,0,0.6,-10.61,-53.723,175.3
2021/06/26 17:00:00,AQUA_M-T,Brasil,MATO GROSSO,MARCELANDIA,Amazonia,34,0,0.6,-10.621,-53.733,33
2021/06/26 17:00:00,AQUA_M-T,Brasil,MATO GROSSO,MARCELANDIA,Amazonia,34,0,0.6,-10.618,-53.71,223.8
2021/06/26 17:00:00,AQUA_M-T,Brasil,MATO GROSSO,MARCELANDIA,Amazonia,34,0,0.8,-10.62,-53.721,77.8
2021/06/26 17:00:00,AQUA_M-T,Brasil,MATO GROSSO,MARCELANDIA,Amazonia,34,0,0.7,-10.631,-53.731,21.1
2021/06/26 17:00:00,AQUA_M-T,Brasil,MINAS GERAIS,UBERABA,Cerrado,15,0,1,-19.834,-48.006,11.1
2021/06/26 17:00:00,AQUA_M-T,Brasil,MINAS GERAIS,UBERABA,Cerrado,15,0,1,-19.825,-48.008,48.3
2021/06/26 17:00:00,AQUA_M-T,Brasil,TOCANTINS,MATEIROS,Cerrado,41,0,1,-10.632,-46.415,27.7
2021/06/26 17:00:00,AQUA_M-T,Brasil,TOCANTINS,MATEIROS,Cerrado,41,0,1,-10.634,-46.429,19.6
2021/06/26 17:00:00,AQUA_M-T,Brasil,MINAS GERAIS,UBERABA,Cerrado,15,0,1,-19.827,-48.017,16.3
2021/06/26 17:00:00,AQUA_M-T,Brasil,MATO GROSSO,MARCELANDIA,Amazonia,34,0,0.6,-10.639,-53.713,45.8
2021/06/26 17:00:00,AQUA_M-T,Brasil,MATO GROSSO,MARCELANDIA,Amazonia,34,0,0.6,-10.64,-53.725,135.5
2021/06/26 17:00:00,AQUA_M-T,Brasil,MINAS GERAIS,UBERABA,Cerrado,15,0,1,-19.817,-47.95,6.1
2021/06/26 17:00:00,AQUA_M-T,Brasil,MINAS GERAIS,UBERABA,Cerrado,14,0,1,-19.815,-47.94,24.2
2021/06/26 17:00:00,AQUA_M-T,Brasil,GOIAS,CAVALCANTE,Cerrado,11,0,1,-13.778,-47.768,9.7
2021/06/26 17:00:00,AQUA_M-T,Brasil,TOCANTINS,MATEIROS,Cerrado,41,0,1,-10.642,-46.413,36.7
2021/06/26 17:00:00,AQUA_M-T,Brasil,BAHIA,COCOS,Cerrado,37,0,1,-14.081,-44.961,12.3
2021/06/26 17:00:00,AQUA_M-T,Brasil,BAHIA,COCOS,Cerrado,35,0,1,-14.083,-44.977,12.3
2021/06/26 17:00:00,AQUA_M-T,Brasil,GOIAS,NIQUELANDIA,Cerrado,20,0,1,-14.436,-47.862,6.5
2021/06/26 17:00:00,AQUA_M-T,Brasil,GOIAS,SANTA ISABEL,Cerrado,48,0,1,-15.014,-49.335,11.5
2021/06/26 17:00:00,AQUA_M-T,Brasil,GOIAS,ITAPACI,Cerrado,32,0,1,-15.023,-49.718,6
2021/06/26 17:00:00,AQUA_M-T,Brasil,MINAS GERAIS,JANUARIA,Cerrado,11,0,1,-15.1,-45.29,21.1
2021/06/26 17:00:00,AQUA_M-T,Brasil,MINAS GERAIS,JANUARIA,Cerrado,11,0,1,-15.114,-45.297,38.2
2021/06/26 17:00:00,AQUA_M-T,Brasil,MINAS GERAIS,ARINOS,Cerrado,10,0,1,-15.689,-46.24,10.4
2021/06/26 17:00:00,AQUA_M-T,Brasil,GOIAS,JARAGUA,Cerrado,19,0,1,-15.745,-49.494,21.7
2021/06/26 17:00:00,AQUA_M-T,Brasil,MINAS GERAIS,JANUARIA,Cerrado,11,0,1,-15.106,-45.312,14.5
2021/06/26 17:00:00,AQUA_M-T,Brasil,MINAS GERAIS,JANUARIA,Cerrado,11,0,1,-15.104,-45.298,86.5
2021/06/26 17:00:00,AQUA_M-T,Brasil,GOIAS,JARAGUA,Cerrado,20,0,1,-15.746,-49.504,25.1
2021/06/26 17:00:00,AQUA_M-T,Brasil,GOIAS,SANTO ANTONIO DO DESCOBERTO,Cerrado,11,0,0.7,-15.945,-48.285,5.1
2021/06/26 17:00:00,AQUA_M-T,Brasil,PARANA,QUITANDINHA,Mata Atlantica,2,0,0.1,-25.865,-49.547,4.6
2021/06/26 17:00:00,AQUA_M-T,Brasil,GOIAS,VALPARAISO DE GOIAS,Cerrado,11,0,1,-16.134,-48.003,7.9
2021/06/26 17:00:00,AQUA_M-T,Brasil,GOIAS,CRISTALINA,Cerrado,10,0,1,-16.074,-47.544,10.8
2021/06/26 17:00:00,AQUA_M-T,Brasil,GOIAS,CIDADE OCIDENTAL,Cerrado,11,0,0.9,-16.162,-47.76,31.9
2021/06/26 17:00:00,AQUA_M-T,Brasil,GOIAS,CIDADE OCIDENTAL,Cerrado,11,0,1,-16.163,-47.77,22.1
2021/06/26 17:00:00,AQUA_M-T,Brasil,GOIAS,LUZIANIA,Cerrado,11,0,1,-16.226,-47.871,6.1
2021/06/26 17:00:00,AQUA_M-T,Brasil,GOIAS,LUZIANIA,Cerrado,11,0,1,-16.392,-47.75,7.4
2021/06/26 17:00:00,AQUA_M-T,Brasil,GOIAS,SENADOR CANEDO,Cerrado,12,0,-999,-16.725,-49.14,6.1
2021/06/26 17:00:00,AQUA_M-T,Brasil,GOIAS,IPAMERI,Cerrado,11,0,1,-16.93,-47.907,17.7
2021/06/26 17:00:00,AQUA_M-T,Brasil,GOIAS,MINEIROS,Cerrado,14,0,1,-17.232,-52.844,21.1
2021/06/26 17:00:00,AQUA_M-T,Brasil,GOIAS,LUZIANIA,Cerrado,11,0,1,-16.931,-47.917,5.9
2021/06/26 17:00:00,AQUA_M-T,Brasil,GOIAS,PARAUNA,Cerrado,30,0,1,-16.998,-50.825,9.4
2021/06/26 17:00:00,AQUA_M-T,Brasil,GOIAS,MAIRIPOTABA,Cerrado,12,0,1,-17.354,-49.358,13.6
2021/06/26 17:00:00,AQUA_M-T,Brasil,GOIAS,MINEIROS,Cerrado,15,0,0.8,-17.592,-52.47,54.5
2021/06/26 17:00:00,AQUA_M-T,Brasil,GOIAS,MINEIROS,Cerrado,15,0,0.9,-17.594,-52.482,96.6
2021/06/26 17:00:00,AQUA_M-T,Brasil,GOIAS,MINEIROS,Cerrado,15,0,0.8,-17.604,-52.481,16.4
2021/06/26 17:00:00,AQUA_M-T,Brasil,GOIAS,IPAMERI,Cerrado,15,0,1,-17.676,-48.161,7.1
2021/06/26 17:00:00,AQUA_M-T,Brasil,GOIAS,IPAMERI,Cerrado,15,0,1,-17.685,-48.159,16.9
2021/06/26 17:00:00,AQUA_M-T,Brasil,MINAS GERAIS,BOCAIUVA,Cerrado,37,0,1,-17.751,-43.773,19.2
2021/06/26 17:00:00,AQUA_M-T,Brasil,MINAS GERAIS,ARICANDUVA,Mata Atlantica,35,0,1,-17.896,-42.636,46.4
2021/06/26 17:00:00,AQUA_M-T,Brasil,MATO GROSSO DO SUL,CORUMBA,Pantanal,15,0,1,-17.959,-55.829,18.8
2021/06/26 17:00:00,AQUA_M-T,Brasil,TOCANTINS,PORTO NACIONAL,Cerrado,11,0,1,-10.771,-48.777,14.8
2021/06/26 17:00:00,AQUA_M-T,Brasil,TOCANTINS,FATIMA,Cerrado,11,0,1,-10.772,-48.787,8.9
2021/06/26 17:00:00,AQUA_M-T,Brasil,MATO GROSSO,PORTO ALEGRE DO NORTE,Cerrado,39,0,0.8,-10.774,-51.008,5.8
2021/06/26 17:00:00,AQUA_M-T,Brasil,TOCANTINS,MONTE DO CARMO,Cerrado,38,0,1,-10.818,-47.818,20.2
2021/06/26 17:00:00,AQUA_M-T,Brasil,MINAS GERAIS,JANUARIA,Cerrado,11,0,1,-15.102,-45.304,44.9
2021/06/26 17:00:00,AQUA_M-T,Brasil,TOCANTINS,MATEIROS,Cerrado,42,0,1,-10.681,-46.289,18.2
2021/06/26 17:00:00,AQUA_M-T,Brasil,TOCANTINS,OLIVEIRA DE FATIMA,Cerrado,17,0,1,-10.707,-48.904,6.9
2021/06/26 17:00:00,AQUA_M-T,Brasil,MATO GROSSO,PORTO ALEGRE DO NORTE,Cerrado,33,0,1,-10.741,-51.821,7.9
2021/06/26 17:00:00,AQUA_M-T,Brasil,MINAS GERAIS,SACRAMENTO,Cerrado,14,0,0.8,-20.06,-47.175,9.9
2021/06/26 17:00:00,AQUA_M-T,Brasil,MINAS GERAIS,UBERABA,Cerrado,15,0,1,-19.924,-47.87,7.3
2021/06/26 17:00:00,AQUA_M-T,Brasil,SAO PAULO,IGARAPAVA,Cerrado,9,0,1,-19.999,-47.809,22.5
2021/06/26 17:00:00,AQUA_M-T,Brasil,MINAS GERAIS,NOVA SERRANA,Cerrado,17,0,1,-19.838,-44.964,7.8
2021/06/26 17:00:00,AQUA_M-T,Brasil,MINAS GERAIS,UBERABA,Cerrado,15,0,1,-19.836,-48.016,66
2021/06/26 17:00:00,AQUA_M-T,Brasil,TOCANTINS,LAGOA DA CONFUSAO,Cerrado,37,0,1,-10.916,-50.458,6.1
2021/06/26 17:00:00,AQUA_M-T,Brasil,TOCANTINS,PONTE ALTA DO TOCANTINS,Cerrado,39,0,1,-10.972,-47.218,14.5
2021/06/26 17:00:00,AQUA_M-T,Brasil,TOCANTINS,LAGOA DA CONFUSAO,Cerrado,39,0,1,-10.871,-49.763,108.1
2021/06/26 17:00:00,AQUA_M-T,Brasil,TOCANTINS,LAGOA DA CONFUSAO,Cerrado,39,0,0.8,-10.864,-49.783,9.3
2021/06/26 17:00:00,AQUA_M-T,Brasil,TOCANTINS,PONTE ALTA DO TOCANTINS,Cerrado,39,0,1,-10.979,-47.212,20.2
2021/06/26 17:00:00,AQUA_M-T,Brasil,MATO GROSSO,CLAUDIA,Amazonia,34,0,0.7,-11.192,-54.983,40.8
2021/06/26 17:00:00,AQUA_M-T,Brasil,TOCANTINS,ALMAS,Cerrado,39,0,1,-11.216,-47.354,34.3
2021/06/26 17:00:00,AQUA_M-T,Brasil,TOCANTINS,ALMAS,Cerrado,39,0,0.8,-11.215,-47.342,21.9
2021/06/26 17:00:00,AQUA_M-T,Brasil,TOCANTINS,ALMAS,Cerrado,39,0,1,-11.24,-47.303,9.9
2021/06/26 17:00:00,AQUA_M-T,Brasil,MATO GROSSO,SAO FELIX DO ARAGUAIA,Cerrado,39,0,1,-11.277,-51.046,20.3
2021/06/26 17:00:00,AQUA_M-T,Brasil,MATO GROSSO,SAO FELIX DO ARAGUAIA,Cerrado,39,0,1,-11.278,-51.055,25.2
2021/06/26 17:00:00,AQUA_M-T,Brasil,MATO GROSSO,SAO FELIX DO ARAGUAIA,Cerrado,39,0,1,-11.28,-51.074,11.3
2021/06/26 17:00:00,AQUA_M-T,Brasil,MATO GROSSO,SAO FELIX DO ARAGUAIA,Cerrado,39,0,1,-11.284,-51.036,6.5
2021/06/26 17:00:00,AQUA_M-T,Brasil,MATO GROSSO,SAO FELIX DO ARAGUAIA,Cerrado,39,0,1,-11.286,-51.045,7.2
2021/06/26 17:00:00,AQUA_M-T,Brasil,MATO GROSSO,UNIAO DO SUL,Amazonia,38,0.2,0.7,-11.381,-53.998,21.9
2021/06/26 17:00:00,AQUA_M-T,Brasil,MATO GROSSO,SAO FELIX DO ARAGUAIA,Cerrado,39,0,1,-11.289,-51.072,10.4
2021/06/26 17:00:00,AQUA_M-T,Brasil,MATO GROSSO,TABAPORA,Amazonia,35,0,0.7,-11.336,-56.026,22.6
2021/06/26 17:00:00,AQUA_M-T,Brasil,MATO GROSSO,UNIAO DO SUL,Amazonia,38,0.2,0.7,-11.382,-54.01,27.1
2021/06/26 17:00:00,AQUA_M-T,Brasil,MATO GROSSO,UNIAO DO SUL,Amazonia,26,0.1,0.7,-11.385,-54.431,22.5
2021/06/26 17:00:00,AQUA_M-T,Brasil,TOCANTINS,PONTE ALTA DO BOM JESUS,Cerrado,38,0,1,-11.818,-46.493,21.5
2021/06/26 17:00:00,AQUA_M-T,Brasil,MATO GROSSO,QUERENCIA,Amazonia,21,0,0.7,-11.937,-52.762,61.2
2021/06/26 17:00:00,AQUA_M-T,Brasil,MATO GROSSO,BOM JESUS DO ARAGUAIA,Amazonia,12,0,1,-11.944,-51.75,11.6
2021/06/26 17:00:00,AQUA_M-T,Brasil,MATO GROSSO,QUERENCIA,Amazonia,20,0,0.8,-11.939,-52.772,55.7
2021/06/26 17:00:00,AQUA_M-T,Brasil,MATO GROSSO,BOM JESUS DO ARAGUAIA,Amazonia,13,0,1,-11.946,-51.76,18.3
2021/06/26 17:00:00,AQUA_M-T,Brasil,MATO GROSSO,QUERENCIA,Amazonia,19,0,0.7,-11.948,-52.771,16.1
2021/06/26 17:00:00,AQUA_M-T,Brasil,MATO GROSSO,SANTA CARMEM,Amazonia,35,0,0.8,-11.951,-54.678,25.5
2021/06/26 17:00:00,AQUA_M-T,Brasil,MATO GROSSO,SANTA CARMEM,Amazonia,35,0,0.8,-11.953,-54.671,26.8
2021/06/26 17:00:00,AQUA_M-T,Brasil,MATO GROSSO,BOM JESUS DO ARAGUAIA,Amazonia,12,0,1,-11.954,-51.749,10.7
2021/06/26 17:00:00,AQUA_M-T,Brasil,MATO GROSSO,SANTA CARMEM,Amazonia,35,0,0.8,-11.955,-54.684,37.7
2021/06/26 17:00:00,AQUA_M-T,Brasil,MATO GROSSO,GAUCHA DO NORTE,Amazonia,24,0,1,-11.966,-53.503,48.1
2021/06/26 17:00:00,AQUA_M-T,Brasil,MATO GROSSO,FELIZ NATAL,Amazonia,36,0,0.8,-12.064,-54.019,17.5
2021/06/26 17:00:00,AQUA_M-T,Brasil,MATO GROSSO,GAUCHA DO NORTE,Amazonia,21,0,0.9,-11.967,-53.514,44.2
2021/06/26 17:00:00,AQUA_M-T,Brasil,MATO GROSSO,FELIZ NATAL,Amazonia,35,0,0.8,-12.051,-54.22,13.4
2021/06/26 17:00:00,AQUA_M-T,Brasil,MATO GROSSO,NOVO SANTO ANTONIO,Cerrado,40,0,1,-12.123,-51.054,9.9
2021/06/26 17:00:00,AQUA_M-T,Brasil,MATO GROSSO,NOVO SANTO ANTONIO,Cerrado,40,0,1,-12.124,-51.064,45.4
2021/06/26 17:00:00,AQUA_M-T,Brasil,MATO GROSSO,NOVO SANTO ANTONIO,Cerrado,40,0,1,-12.125,-51.073,27.4
2021/06/26 17:00:00,AQUA_M-T,Brasil,MATO GROSSO,NOVO SANTO ANTONIO,Cerrado,40,0,1,-12.132,-51.053,13.4
2021/06/26 17:00:00,AQUA_M-T,Brasil,MATO GROSSO,NOVO SANTO ANTONIO,Cerrado,38,0,1,-12.214,-51.044,14.5
2021/06/26 17:00:00,AQUA_M-T,Brasil,MATO GROSSO,DOM AQUINO,Cerrado,23,0,1,-15.89,-54.826,19.5
2021/06/26 17:00:00,AQUA_M-T,Brasil,BAHIA,IBOTIRAMA,Caatinga,44,0,1,-12.169,-43.19,28.2
2021/06/26 17:00:00,AQUA_M-T,Brasil,BAHIA,BAIANOPOLIS,Cerrado,39,0,1,-12.463,-44.726,16.2
2021/06/26 17:00:00,AQUA_M-T,Brasil,BAHIA,SAO DESIDERIO,Cerrado,39,0,1,-12.475,-44.724,24
2021/06/26 17:00:00,AQUA_M-T,Brasil,BAHIA,BAIANOPOLIS,Cerrado,39,0,1,-12.656,-44.443,21.3
2021/06/26 17:00:00,AQUA_M-T,Brasil,MINAS GERAIS,UBERABA,Cerrado,15,0,1,-19.917,-47.877,9.4
2021/06/26 17:05:00,AQUA_M-T,Brasil,PARA,TOME-ACU,Amazonia,3,0.7,0.1,-2.516,-48.141,14.6
2021/06/26 17:05:00,AQUA_M-T,Brasil,MARANHAO,SANTA RITA,Amazonia,7,2.8,0.1,-3.224,-44.227,28.4
2021/06/26 17:05:00,AQUA_M-T,Brasil,PARA,SENADOR JOSE PORFIRIO,Amazonia,7,0,0.2,-3.544,-52.039,23.5
2021/06/26 17:05:00,AQUA_M-T,Brasil,PARA,ACARA,Amazonia,2,0,0,-2.448,-48.858,22.6
2021/06/26 17:05:00,AQUA_M-T,Brasil,PARA,NOVO REPARTIMENTO,Amazonia,0,0.3,0.1,-4.273,-49.821,19.8
2021/06/26 17:05:00,AQUA_M-T,Brasil,PARA,DOM ELISEU,Amazonia,3,0,0.3,-4.331,-47.992,11.1
2021/06/26 17:05:00,AQUA_M-T,Brasil,PARA,DOM ELISEU,Amazonia,6,0,1,-4.506,-47.708,17.6
2021/06/26 17:05:00,AQUA_M-T,Brasil,PARA,ITAITUBA,Amazonia,3,0,0.3,-5.199,-57.044,9.4
2021/06/26 17:05:00,AQUA_M-T,Brasil,PARA,DOM ELISEU,Amazonia,7,0,0.5,-4.508,-47.722,177
2021/06/26 17:05:00,AQUA_M-T,Brasil,MARANHAO,MIRADOR,Cerrado,43,0,1,-6.223,-44.454,81.2
2021/06/26 17:05:00,AQUA_M-T,Brasil,MARANHAO,MIRADOR,Cerrado,45,0,1,-6.229,-44.46,104
2021/06/26 17:05:00,AQUA_M-T,Brasil,MARANHAO,MIRADOR,Cerrado,44,0,1,-6.634,-44.878,11.9
2021/06/26 17:05:00,AQUA_M-T,Brasil,PARA,OURILANDIA DO NORTE,Amazonia,1,0.5,0.8,-6.782,-51.011,13.7
2021/06/26 17:05:00,AQUA_M-T,Brasil,PARA,OURILANDIA DO NORTE,Amazonia,1,0.4,1,-6.783,-51.02,10.9
2021/06/26 17:05:00,AQUA_M-T,Brasil,TOCANTINS,DARCINOPOLIS,Cerrado,3,0,0.9,-6.827,-47.752,43.3
2021/06/26 17:05:00,AQUA_M-T,Brasil,TOCANTINS,DARCINOPOLIS,Cerrado,3,0,1,-6.838,-47.751,24.3
2021/06/26 17:05:00,AQUA_M-T,Brasil,TOCANTINS,DARCINOPOLIS,Cerrado,3,0,0.9,-6.831,-47.744,26
2021/06/26 17:05:00,AQUA_M-T,Brasil,TOCANTINS,DARCINOPOLIS,Cerrado,3,0,1,-6.833,-47.757,22.4
2021/06/26 17:05:00,AQUA_M-T,Brasil,TOCANTINS,ARAGUAINA,Cerrado,12,0,1,-7.227,-48.211,10.2
2021/06/26 17:05:00,AQUA_M-T,Brasil,PARA,NOVO PROGRESSO,Amazonia,15,0,0.6,-8.573,-55.166,13.2
2021/06/26 17:05:00,AQUA_M-T,Brasil,PARA,CAMETA,Amazonia,2,0.1,0,-2.316,-49.635,17.3
2021/06/26 17:05:00,AQUA_M-T,Brasil,PARA,MONTE ALEGRE,Amazonia,4,0,0.1,-1.305,-54.074,14.7
2021/06/26 17:05:00,AQUA_M-T,Brasil,PARA,MONTE ALEGRE,Amazonia,4,0,0.1,-1.312,-54.077,13.2
2021/06/26 17:05:00,AQUA_M-T,Brasil,PARA,ABAETETUBA,Amazonia,0,2.4,0,-1.729,-48.701,13.4
2021/06/26 17:05:00,AQUA_M-T,Brasil,PARA,ABAETETUBA,Amazonia,0,2.3,0,-1.731,-48.714,17.2
2021/06/26 17:05:00,AQUA_M-T,Brasil,PARA,CURUA,Amazonia,6,0.7,0.1,-1.789,-55.08,8.2
2021/06/26 17:05:00,AQUA_M-T,Brasil,PARA,MONTE ALEGRE,Amazonia,3,0.2,0.2,-1.36,-54.147,4.9
2021/06/26 17:05:00,AQUA_M-T,Brasil,PARA,OBIDOS,Amazonia,6,0.3,0.1,-1.876,-55.191,9.1
2021/06/26 17:05:00,AQUA_M-T,Brasil,MARANHAO,SAO JOAO DO SOTER,Cerrado,7,0,0.6,-4.844,-43.779,35.3
2021/06/26 17:05:00,AQUA_M-T,Brasil,MARANHAO,SAO JOAO DO SOTER,Cerrado,7,0,0.6,-4.845,-43.772,54.6
2021/06/26 17:05:00,AQUA_M-T,Brasil,PIAUI,TERESINA,Cerrado,11,0,1,-4.917,-42.641,45.7
2021/06/26 17:05:00,AQUA_M-T,Brasil,PIAUI,TERESINA,Cerrado,12,0,1,-4.927,-42.644,69.5
2021/06/26 17:05:00,AQUA_M-T,Brasil,MARANHAO,TIMON,Cerrado,22,0,1,-5.293,-42.954,28.8
2021/06/26 17:05:00,AQUA_M-T,Brasil,MARANHAO,BURITI BRAVO,Cerrado,36,0,1,-5.896,-43.78,36.8
2021/06/26 17:05:00,AQUA_M-T,Brasil,PIAUI,GUADALUPE,Cerrado,50,0,1,-6.805,-43.83,52
2021/06/26 17:05:00,AQUA_M-T,Brasil,MARANHAO,PARNARAMA,Cerrado,13,0,0.6,-5.435,-43.75,39
2021/06/26 17:05:00,AQUA_M-T,Brasil,MARANHAO,PARNARAMA,Cerrado,12,0,0.8,-5.421,-43.753,55.6
2021/06/26 17:05:00,AQUA_M-T,Brasil,PARA,PORTEL,Amazonia,1,3.2,0,-2.209,-50.64,6.2
2021/06/26 18:40:00,AQUA_M-T,Brasil,ACRE,FEIJO,Amazonia,14,0.3,0.5,-8.806,-71.149,18.2
2021/06/26 18:40:00,AQUA_M-T,Brasil,AMAZONAS,LABREA,Amazonia,9,0,0.5,-8.933,-65.926,47.2
2021/06/26 18:40:00,AQUA_M-T,Brasil,RONDONIA,PORTO VELHO,Amazonia,17,0,0.6,-9.731,-66.339,28.1
2021/06/26 18:40:00,AQUA_M-T,Brasil,ACRE,ASSIS BRASIL,Amazonia,15,0,0.6,-10.867,-69.757,31
2021/06/26 18:40:00,AQUA_M-T,Brasil,ACRE,ASSIS BRASIL,Amazonia,15,0,0.6,-10.873,-69.744,13.5
2021/06/26 18:40:00,AQUA_M-T,Brasil,ACRE,ASSIS BRASIL,Amazonia,15,0,0.6,-10.875,-69.761,18.7
2021/06/27 16:05:00,AQUA_M-T,Brasil,PIAUI,ITAUEIRA,Caatinga,,,,-7.242,-43.161,71.3
2021/06/27 16:05:00,AQUA_M-T,Brasil,PIAUI,FLORIANO,Caatinga,,,,-7.238,-43.168,18.2
2021/06/27 16:05:00,AQUA_M-T,Brasil,PIAUI,JERUMENHA,Cerrado,,,,-7.219,-43.592,27.4
2021/06/27 16:05:00,AQUA_M-T,Brasil,PIAUI,LANDRI SALES,Cerrado,,,,-7.188,-43.754,41.2
2021/06/27 16:05:00,AQUA_M-T,Brasil,PIAUI,LANDRI SALES,Cerrado,,,,-7.178,-43.775,43.5
2021/06/27 16:05:00,AQUA_M-T,Brasil,PIAUI,LANDRI SALES,Cerrado,,,,-7.176,-43.756,123.5
2021/06/27 16:05:00,AQUA_M-T,Brasil,PIAUI,LANDRI SALES,Cerrado,,,,-7.165,-43.777,27.4
2021/06/27 16:05:00,AQUA_M-T,Brasil,PIAUI,LANDRI SALES,Cerrado,,,,-7.163,-43.758,54.4
2021/06/27 16:05:00,AQUA_M-T,Brasil,PIAUI,JERUMENHA,Cerrado,,,,-7.11,-43.649,15.3
2021/06/27 16:05:00,AQUA_M-T,Brasil,PIAUI,JERUMENHA,Cerrado,,,,-7.086,-43.678,20
2021/06/27 16:05:00,AQUA_M-T,Brasil,PIAUI,JERUMENHA,Caatinga,,,,-7.072,-43.356,39.7
2021/06/27 16:05:00,AQUA_M-T,Brasil,PIAUI,JERUMENHA,Caatinga,,,,-7.069,-43.364,20.1
2021/06/27 16:05:00,AQUA_M-T,Brasil,PIAUI,JERUMENHA,Caatinga,,,,-7.067,-43.346,25.7
2021/06/27 16:05:00,AQUA_M-T,Brasil,PIAUI,OEIRAS,Caatinga,,,,-6.99,-42.12,25.8
2021/06/27 16:05:00,AQUA_M-T,Brasil,PIAUI,OEIRAS,Caatinga,,,,-6.99,-42.115,55
2021/06/27 16:05:00,AQUA_M-T,Brasil,PIAUI,OEIRAS,Caatinga,,,,-6.988,-42.106,38.2
2021/06/27 16:05:00,AQUA_M-T,Brasil,PIAUI,OEIRAS,Caatinga,,,,-6.988,-42.101,14.5
2021/06/27 16:05:00,AQUA_M-T,Brasil,PIAUI,SANTANA DO PIAUI,Caatinga,,,,-6.955,-41.523,12.9
2021/06/27 16:05:00,AQUA_M-T,Brasil,PIAUI,PICOS,Caatinga,,,,-6.946,-41.537,9
2021/06/27 16:05:00,AQUA_M-T,Brasil,PIAUI,SANTANA DO PIAUI,Caatinga,,,,-6.945,-41.524,33.6
2021/06/27 16:05:00,AQUA_M-T,Brasil,PIAUI,GUADALUPE,Cerrado,,,,-6.833,-43.826,22.2
2021/06/27 16:05:00,AQUA_M-T,Brasil,PARAIBA,RIACHO DOS CAVALOS,Caatinga,,,,-6.495,-37.62,13.3
2021/06/27 16:05:00,AQUA_M-T,Brasil,PARAIBA,CATOLE DO ROCHA,Caatinga,,,,-6.384,-37.749,14.8
2021/06/27 16:05:00,AQUA_M-T,Brasil,PARAIBA,BELEM DO BREJO DO CRUZ,Caatinga,,,,-6.161,-37.413,16.9
2021/06/27 16:05:00,AQUA_M-T,Brasil,RIO GRANDE DO NORTE,TAIPU,Caatinga,,,,-5.573,-35.586,55
2021/06/27 16:05:00,AQUA_M-T,Brasil,RIO GRANDE DO NORTE,TAIPU,Caatinga,,,,-5.565,-35.598,19.7
2021/06/27 16:05:00,AQUA_M-T,Brasil,RIO GRANDE DO NORTE,TAIPU,Caatinga,,,,-5.564,-35.588,65.4
2021/06/27 16:05:00,AQUA_M-T,Brasil,RIO DE JANEIRO,PETROPOLIS,Mata Atlantica,,,,-22.277,-43.061,30.3
2021/06/27 16:05:00,AQUA_M-T,Brasil,RIO DE JANEIRO,PETROPOLIS,Mata Atlantica,,,,-22.275,-43.054,54
2021/06/27 16:05:00,AQUA_M-T,Brasil,RIO DE JANEIRO,CAMPOS DOS GOYTACAZES,Mata Atlantica,,,,-21.873,-41.353,14.4
2021/06/27 16:05:00,AQUA_M-T,Brasil,ESPIRITO SANTO,MUNIZ FREIRE,Mata Atlantica,,,,-20.46,-41.582,224.7
2021/06/27 16:05:00,AQUA_M-T,Brasil,ESPIRITO SANTO,MUNIZ FREIRE,Mata Atlantica,,,,-20.457,-41.561,38.6
2021/06/27 16:05:00,AQUA_M-T,Brasil,MINAS GERAIS,SAO GONCALO DO ABAETE,Cerrado,,,,-18.052,-45.361,31.2
2021/06/27 16:05:00,AQUA_M-T,Brasil,MINAS GERAIS,AGUA BOA,Mata Atlantica,,,,-17.992,-42.382,33.6
2021/06/27 16:05:00,AQUA_M-T,Brasil,BAHIA,TREMEDAL,Caatinga,,,,-14.958,-41.427,34.9
2021/06/27 16:05:00,AQUA_M-T,Brasil,BAHIA,TREMEDAL,Caatinga,,,,-14.951,-41.423,47.6
2021/06/27 16:05:00,AQUA_M-T,Brasil,BAHIA,CORRENTINA,Cerrado,,,,-13.156,-44.942,46
2021/06/27 16:05:00,AQUA_M-T,Brasil,BAHIA,BAIXA GRANDE,Caatinga,,,,-12.026,-40.06,13.6
2021/06/27 16:05:00,AQUA_M-T,Brasil,TOCANTINS,CENTENARIO,Cerrado,,,,-8.819,-47.387,109.8
2021/06/27 16:05:00,AQUA_M-T,Brasil,TOCANTINS,CENTENARIO,Cerrado,,,,-8.817,-47.395,77.8
2021/06/27 16:05:00,AQUA_M-T,Brasil,TOCANTINS,RECURSOLANDIA,Cerrado,,,,-8.813,-47.356,53
2021/06/27 16:05:00,AQUA_M-T,Brasil,MARANHAO,CAROLINA,Cerrado,,,,-7.345,-47.13,99.5
2021/06/27 16:05:00,AQUA_M-T,Brasil,MARANHAO,CAROLINA,Cerrado,,,,-7.34,-47.138,72.9
2021/06/27 16:05:00,AQUA_M-T,Brasil,TOCANTINS,DIANOPOLIS,Cerrado,,,,-11.51,-46.654,61.8
2021/06/27 16:05:00,AQUA_M-T,Brasil,TOCANTINS,ALMAS,Cerrado,,,,-11.271,-46.939,125.1
2021/06/27 16:05:00,AQUA_M-T,Brasil,TOCANTINS,ALMAS,Cerrado,,,,-11.27,-46.943,116.1
2021/06/27 16:05:00,AQUA_M-T,Brasil,TOCANTINS,MATEIROS,Cerrado,,,,-11.178,-46.599,36.2
2021/06/27 16:05:00,AQUA_M-T,Brasil,TOCANTINS,MATEIROS,Cerrado,,,,-10.687,-46.886,66.6
2021/06/27 16:05:00,AQUA_M-T,Brasil,MARANHAO,ALTO PARNAIBA,Cerrado,,,,-10.13,-46.284,83.3
2021/06/27 16:05:00,AQUA_M-T,Brasil,CEARA,ABAIARA,Caatinga,,,,-7.306,-39.057,6
2021/06/27 16:05:00,AQUA_M-T,Brasil,PIAUI,CANAVIEIRA,Cerrado,,,,-7.326,-43.42,22.8
2021/06/27 16:05:00,AQUA_M-T,Brasil,PIAUI,URUCUI,Cerrado,,,,-7.377,-44.388,47.8
2021/06/27 16:05:00,AQUA_M-T,Brasil,PIAUI,ITAUEIRA,Caatinga,,,,-7.393,-43.242,15.6
2021/06/27 16:05:00,AQUA_M-T,Brasil,PIAUI,URUCUI,Cerrado,,,,-7.372,-44.382,51
2021/06/27 16:05:00,AQUA_M-T,Brasil,PIAUI,SEBASTIAO LEAL,Cerrado,,,,-7.439,-43.882,22.2
2021/06/27 16:05:00,AQUA_M-T,Brasil,PIAUI,URUCUI,Cerrado,,,,-7.504,-44.382,19
2021/06/27 16:05:00,AQUA_M-T,Brasil,PIAUI,ITAUEIRA,Caatinga,,,,-7.406,-43.24,16.4
2021/06/27 16:05:00,AQUA_M-T,Brasil,PIAUI,URUCUI,Cerrado,,,,-7.517,-44.38,18.5
2021/06/27 16:05:00,AQUA_M-T,Brasil,PERNAMBUCO,LAGOA GRANDE,Caatinga,,,,-9.052,-40.146,9.1
2021/06/27 16:05:00,AQUA_M-T,Brasil,PIAUI,SANTA FILOMENA,Cerrado,,,,-8.817,-45.912,38.6
2021/06/27 16:05:00,AQUA_M-T,Brasil,PERNAMBUCO,LAGOA GRANDE,Caatinga,,,,-9.063,-40.156,20.8
2021/06/27 16:05:00,AQUA_M-T,Brasil,PERNAMBUCO,LAGOA GRANDE,Caatinga,,,,-9.053,-40.158,10
2021/06/27 16:10:00,AQUA_M-T,Brasil,MARANHAO,PASTOS BONS,Cerrado,,,,-6.581,-43.995,44.9
2021/06/27 16:10:00,AQUA_M-T,Brasil,RIO GRANDE DO NORTE,UPANEMA,Caatinga,,,,-5.581,-37.347,18.3
2021/06/27 16:10:00,AQUA_M-T,Brasil,MARANHAO,PARNARAMA,Cerrado,,,,-5.435,-43.728,32.3
2021/06/27 16:10:00,AQUA_M-T,Brasil,MARANHAO,PARNARAMA,Cerrado,,,,-5.425,-43.748,66.2
2021/06/27 16:10:00,AQUA_M-T,Brasil,MARANHAO,PARNARAMA,Cerrado,,,,-5.423,-43.73,37.1
2021/06/27 16:10:00,AQUA_M-T,Brasil,PIAUI,TERESINA,Cerrado,,,,-5.266,-42.665,20.9
2021/06/27 16:10:00,AQUA_M-T,Brasil,PIAUI,BURITI DOS MONTES,Caatinga,,,,-5.218,-41.198,24.8
2021/06/27 16:10:00,AQUA_M-T,Brasil,MARANHAO,ALDEIAS ALTAS,Cerrado,,,,-4.577,-43.243,18.4
2021/06/27 16:10:00,AQUA_M-T,Brasil,MARANHAO,SANTA QUITERIA DO MARANHAO,Cerrado,,,,-3.263,-42.84,54.6
2021/06/27 16:10:00,AQUA_M-T,Brasil,MARANHAO,SANTA QUITERIA DO MARANHAO,Cerrado,,,,-3.261,-42.826,55.7
2021/06/27 16:10:00,AQUA_M-T,Brasil,MARANHAO,TUTOIA,Cerrado,,,,-3.089,-42.583,11.4
2021/06/27 16:10:00,AQUA_M-T,Brasil,MARANHAO,PASTOS BONS,Cerrado,,,,-6.614,-44.342,33.2
2021/06/27 16:10:00,AQUA_M-T,Brasil,MARANHAO,MIRADOR,Cerrado,,,,-6.363,-45.199,24.2
2021/06/27 16:10:00,AQUA_M-T,Brasil,TOCANTINS,MAURILANDIA DO TOCANTINS,Cerrado,,,,-5.998,-47.656,37.8
2021/06/27 16:10:00,AQUA_M-T,Brasil,MARANHAO,FERNANDO FALCAO,Cerrado,,,,-5.887,-45.146,129.9
2021/06/27 16:10:00,AQUA_M-T,Brasil,MARANHAO,FERNANDO FALCAO,Cerrado,,,,-5.884,-45.123,77.2
2021/06/27 16:10:00,AQUA_M-T,Brasil,MARANHAO,FERNANDO FALCAO,Cerrado,,,,-5.873,-45.148,22.2
2021/06/27 16:10:00,AQUA_M-T,Brasil,PARA,DOM ELISEU,Amazonia,,,,-4.502,-47.728,98.2
2021/06/27 16:10:00,AQUA_M-T,Brasil,PARA,DOM ELISEU,Amazonia,,,,-4.497,-47.733,66.3
2021/06/27 16:10:00,AQUA_M-T,Brasil,MARANHAO,VITORIA DO MEARIM,Amazonia,,,,-3.664,-44.898,45.1
2021/06/27 16:10:00,AQUA_M-T,Brasil,MARANHAO,VITORIA DO MEARIM,Amazonia,,,,-3.661,-44.877,65.4
2021/06/27 16:10:00,AQUA_M-T,Brasil,PARA,BELEM,Amazonia,,,,-1.464,-48.465,53.1
2021/06/27 17:40:00,AQUA_M-T,Brasil,PARANA,BOCAIUVA DO SUL,Mata Atlantica,,,,-25.094,-49.007,28.9
2021/06/27 17:40:00,AQUA_M-T,Brasil,PARANA,ASSAI,Mata Atlantica,,,,-23.359,-50.861,21.6
2021/06/27 17:40:00,AQUA_M-T,Brasil,PARANA,JARDIM OLINDA,Mata Atlantica,,,,-22.545,-52.124,94
2021/06/27 17:40:00,AQUA_M-T,Brasil,PARANA,JARDIM OLINDA,Mata Atlantica,,,,-22.533,-52.126,74.1
2021/06/27 17:40:00,AQUA_M-T,Brasil,SAO PAULO,IBATE,Cerrado,,,,-21.962,-48.005,71
2021/06/27 17:40:00,AQUA_M-T,Brasil,SAO PAULO,BURITAMA,Mata Atlantica,,,,-21.005,-50.265,208.1
2021/06/27 17:40:00,AQUA_M-T,Brasil,SAO PAULO,BURITAMA,Mata Atlantica,,,,-21.003,-50.261,245.3
2021/06/27 17:40:00,AQUA_M-T,Brasil,SAO PAULO,BURITAMA,Mata Atlantica,,,,-21,-50.236,88.8
2021/06/27 17:40:00,AQUA_M-T,Brasil,SAO PAULO,BURITAMA,Mata Atlantica,,,,-20.997,-50.232,37.5
2021/06/27 17:40:00,AQUA_M-T,Brasil,GOIAS,INACIOLANDIA,Mata Atlantica,,,,-18.61,-49.802,240.1
2021/06/27 17:40:00,AQUA_M-T,Brasil,GOIAS,INACIOLANDIA,Mata Atlantica,,,,-18.601,-49.796,203.9
2021/06/27 17:40:00,AQUA_M-T,Brasil,GOIAS,INACIOLANDIA,Mata Atlantica,,,,-18.594,-49.806,127
2021/06/27 17:40:00,AQUA_M-T,Brasil,GOIAS,INACIOLANDIA,Mata Atlantica,,,,-18.585,-49.8,64.3
2021/06/27 17:45:00,AQUA_M-T,Brasil,MATO GROSSO,CAMPINAPOLIS,Cerrado,,,,-14.341,-53.428,28.9
2021/06/27 17:45:00,AQUA_M-T,Brasil,MATO GROSSO,CAMPINAPOLIS,Cerrado,,,,-14.34,-53.444,32.8
2021/06/27 17:45:00,AQUA_M-T,Brasil,MATO GROSSO,QUERENCIA,Amazonia,,,,-11.821,-52.896,1806.9
2021/06/27 17:45:00,AQUA_M-T,Brasil,MATO GROSSO,CAMPINAPOLIS,Cerrado,,,,-14.336,-53.422,20.5
2021/06/27 17:45:00,AQUA_M-T,Brasil,MATO GROSSO,SAO FELIX DO ARAGUAIA,Amazonia,,,,-11.349,-52.665,124.7
2021/06/27 17:45:00,AQUA_M-T,Brasil,MATO GROSSO,CAMPO NOVO DO PARECIS,Cerrado,,,,-13.851,-58.115,17.1
2021/06/27 17:45:00,AQUA_M-T,Brasil,MATO GROSSO,QUERENCIA,Amazonia,,,,-11.816,-52.876,5013.6
2021/06/27 17:45:00,AQUA_M-T,Brasil,MATO GROSSO,CAMPO NOVO DO PARECIS,Cerrado,,,,-13.841,-58.117,16.4
2021/06/27 17:45:00,AQUA_M-T,Brasil,MATO GROSSO,CAMPO NOVO DO PARECIS,Cerrado,,,,-13.84,-58.106,16.5
2021/06/27 17:45:00,AQUA_M-T,Brasil,MATO GROSSO,QUERENCIA,Amazonia,,,,-11.816,-52.869,3589.6
2021/06/27 17:45:00,AQUA_M-T,Brasil,MATO GROSSO,FELIZ NATAL,Amazonia,,,,-12.724,-55.204,80.8
2021/06/27 17:45:00,AQUA_M-T,Brasil,MATO GROSSO,UNIAO DO SUL,Amazonia,,,,-11.316,-53.951,32.6
2021/06/27 17:45:00,AQUA_M-T,Brasil,MATO GROSSO,MARCELANDIA,Amazonia,,,,-10.65,-53.742,38.9
2021/06/27 17:45:00,AQUA_M-T,Brasil,MATO GROSSO,FELIZ NATAL,Amazonia,,,,-12.721,-55.186,916.6
2021/06/27 17:45:00,AQUA_M-T,Brasil,MATO GROSSO,QUERENCIA,Amazonia,,,,-11.811,-52.849,451.7
2021/06/27 17:45:00,AQUA_M-T,Brasil,MATO GROSSO,FELIZ NATAL,Amazonia,,,,-12.718,-55.168,68.6
2021/06/27 17:45:00,AQUA_M-T,Brasil,MATO GROSSO,FELIZ NATAL,Amazonia,,,,-12.709,-55.188,80
2021/06/27 17:45:00,AQUA_M-T,Brasil,MATO GROSSO,SINOP,Amazonia,,,,-11.751,-55.124,26.3
2021/06/27 17:45:00,AQUA_M-T,Brasil,MATO GROSSO,FELIZ NATAL,Amazonia,,,,-12.706,-55.194,18.6
2021/06/27 17:45:00,AQUA_M-T,Brasil,MATO GROSSO,FELIZ NATAL,Amazonia,,,,-12.704,-55.176,31.7
2021/06/27 17:45:00,AQUA_M-T,Brasil,MATO GROSSO,NOVA MARINGA,Amazonia,,,,-12.679,-57.376,30.7
2021/06/27 17:45:00,AQUA_M-T,Brasil,MATO GROSSO,SAO FELIX DO ARAGUAIA,Cerrado,,,,-11.721,-51.717,52.8
2021/06/27 17:45:00,AQUA_M-T,Brasil,MATO GROSSO,NOVA MARINGA,Amazonia,,,,-12.677,-57.364,473.4
2021/06/27 17:45:00,AQUA_M-T,Brasil,RONDONIA,GUAJARA-MIRIM,Amazonia,,,,-11.185,-64.8,7.2
2021/06/27 17:45:00,AQUA_M-T,Brasil,MATO GROSSO,MARCELANDIA,Amazonia,,,,-10.646,-53.717,27.6
2021/06/27 17:45:00,AQUA_M-T,Brasil,MATO GROSSO,PARANATINGA,Amazonia,,,,-12.456,-54.089,84.8
2021/06/27 17:45:00,AQUA_M-T,Brasil,MATO GROSSO,SAO FELIX DO ARAGUAIA,Amazonia,,,,-11.457,-52.061,70.3
2021/06/27 17:45:00,AQUA_M-T,Brasil,MATO GROSSO,MATUPA,Amazonia,,,,-10.101,-54.673,48.5
2021/06/27 17:45:00,AQUA_M-T,Brasil,MATO GROSSO,PARANATINGA,Amazonia,,,,-12.453,-54.067,20.1
2021/06/27 17:45:00,AQUA_M-T,Brasil,TOCANTINS,FORMOSO DO ARAGUAIA,Cerrado,,,,-12.27,-50.597,60.9
2021/06/27 17:45:00,AQUA_M-T,Brasil,MATO GROSSO,JUARA,Amazonia,,,,-11.429,-57.801,20.4
2021/06/27 17:45:00,AQUA_M-T,Brasil,MATO GROSSO DO SUL,CORUMBA,Pantanal,,,,-18.599,-55.972,11.9
2021/06/27 17:45:00,AQUA_M-T,Brasil,TOCANTINS,FORMOSO DO ARAGUAIA,Cerrado,,,,-12.263,-50.561,87.4
2021/06/27 17:45:00,AQUA_M-T,Brasil,MATO GROSSO,MATUPA,Amazonia,,,,-10.097,-54.652,48.3
2021/06/27 17:45:00,AQUA_M-T,Brasil,MATO GROSSO,MARCELANDIA,Amazonia,,,,-10.789,-54.177,85.2
2021/06/27 17:45:00,AQUA_M-T,Brasil,MATO GROSSO,JUARA,Amazonia,,,,-10.519,-57.284,15.6
2021/06/27 17:45:00,AQUA_M-T,Brasil,TOCANTINS,FORMOSO DO ARAGUAIA,Cerrado,,,,-12.262,-50.557,72.9
2021/06/27 17:45:00,AQUA_M-T,Brasil,MATO GROSSO,UNIAO DO SUL,Amazonia,,,,-11.427,-54.068,50.1
2021/06/27 17:45:00,AQUA_M-T,Brasil,MATO GROSSO,SANTA CRUZ DO XINGU,Amazonia,,,,-10.099,-52.765,68.4
2021/06/27 17:45:00,AQUA_M-T,Brasil,MATO GROSSO DO SUL,CORUMBA,Pantanal,,,,-17.8,-55.928,13.4
2021/06/27 17:45:00,AQUA_M-T,Brasil,MATO GROSSO DO SUL,CORUMBA,Pantanal,,,,-17.796,-55.934,7.5
2021/06/27 17:45:00,AQUA_M-T,Brasil,MATO GROSSO,FELIZ NATAL,Amazonia,,,,-12.106,-54.502,24.5
2021/06/27 17:45:00,AQUA_M-T,Brasil,MATO GROSSO,UNIAO DO SUL,Amazonia,,,,-11.421,-54.075,124.6
2021/06/27 17:45:00,AQUA_M-T,Brasil,RONDONIA,RIO CRESPO,Amazonia,,,,-9.634,-63.069,14.8
2021/06/27 17:45:00,AQUA_M-T,Brasil,MATO GROSSO,PORTO DOS GAUCHOS,Amazonia,,,,-11.988,-57.12,14.6
2021/06/27 17:45:00,AQUA_M-T,Brasil,RONDONIA,RIO CRESPO,Amazonia,,,,-9.632,-63.06,9.3
2021/06/27 17:45:00,AQUA_M-T,Brasil,AMAZONAS,BOCA DO ACRE,Amazonia,,,,-9.503,-67.418,18.2
2021/06/27 17:45:00,AQUA_M-T,Brasil,MATO GROSSO,SANTA CARMEM,Amazonia,,,,-11.954,-54.694,29.2
2021/06/27 17:45:00,AQUA_M-T,Brasil,RONDONIA,MACHADINHO D'OESTE,Amazonia,,,,-9.408,-62.257,13.1
2021/06/27 17:45:00,AQUA_M-T,Brasil,MATO GROSSO,UNIAO DO SUL,Amazonia,,,,-11.417,-54.094,49.1
2021/06/27 17:45:00,AQUA_M-T,Brasil,MATO GROSSO,MARCELANDIA,Amazonia,,,,-10.782,-54.185,288.2
2021/06/27 17:45:00,AQUA_M-T,Brasil,RONDONIA,ITAPUA DO OESTE,Amazonia,,,,-9.199,-63.319,88.7
2021/06/27 17:45:00,AQUA_M-T,Brasil,MATO GROSSO,SANTA CARMEM,Amazonia,,,,-11.954,-54.687,36.4
2021/06/27 17:45:00,AQUA_M-T,Brasil,RONDONIA,CANDEIAS DO JAMARI,Amazonia,,,,-9.135,-63.581,10.8
2021/06/27 17:45:00,AQUA_M-T,Brasil,RONDONIA,CANDEIAS DO JAMARI,Amazonia,,,,-9.133,-63.571,11.3
2021/06/27 17:45:00,AQUA_M-T,Brasil,MATO GROSSO,QUERENCIA,Amazonia,,,,-11.939,-52.789,65.7
2021/06/27 17:45:00,AQUA_M-T,Brasil,RONDONIA,MACHADINHO D'OESTE,Amazonia,,,,-9.102,-61.849,9.8
2021/06/27 17:45:00,AQUA_M-T,Brasil,MATO GROSSO,UNIAO DO SUL,Amazonia,,,,-11.413,-54.071,145.6
2021/06/27 17:45:00,AQUA_M-T,Brasil,RONDONIA,PORTO VELHO,Amazonia,,,,-9,-63.865,10.5
2021/06/27 17:45:00,AQUA_M-T,Brasil,MATO GROSSO,QUERENCIA,Amazonia,,,,-11.937,-52.784,88.1
2021/06/27 17:45:00,AQUA_M-T,Brasil,ACRE,CRUZEIRO DO SUL,Amazonia,,,,-7.743,-72.316,23.8
2021/06/27 17:45:00,AQUA_M-T,Brasil,AMAZONAS,LABREA,Amazonia,,,,-7.273,-64.799,11.1
2021/06/27 17:45:00,AQUA_M-T,Brasil,MATO GROSSO,BOM JESUS DO ARAGUAIA,Amazonia,,,,-11.937,-51.764,49.1
2021/06/27 17:45:00,AQUA_M-T,Brasil,AMAZONAS,TAPAUA,Amazonia,,,,-5.631,-63.191,5.2
2021/06/27 17:45:00,AQUA_M-T,Brasil,MATO GROSSO,UNIAO DO SUL,Amazonia,,,,-11.408,-54.077,51.3
2021/06/27 17:45:00,AQUA_M-T,Brasil,MATO GROSSO,MARCELANDIA,Amazonia,,,,-10.78,-54.202,83.1
2021/06/27 17:45:00,AQUA_M-T,Brasil,AMAZONAS,MANAQUIRI,Amazonia,,,,-3.411,-60.443,5.4
2021/06/27 17:45:00,AQUA_M-T,Brasil,MATO GROSSO,QUERENCIA,Amazonia,,,,-11.935,-52.761,67.8
2021/06/27 17:45:00,AQUA_M-T,Brasil,AMAZONAS,MANAQUIRI,Amazonia,,,,-3.409,-60.432,10.3
2021/06/27 17:45:00,AQUA_M-T,Brasil,MATO GROSSO,CHAPADA DOS GUIMARAES,Cerrado,,,,-15.435,-55.856,130
2021/06/27 17:45:00,AQUA_M-T,Brasil,MATO GROSSO,QUERENCIA,Amazonia,,,,-11.932,-52.756,42.1
2021/06/27 17:45:00,AQUA_M-T,Brasil,MATO GROSSO,CHAPADA DOS GUIMARAES,Cerrado,,,,-15.433,-55.842,23.1
2021/06/27 17:45:00,AQUA_M-T,Brasil,MATO GROSSO,UNIAO DO SUL,Amazonia,,,,-11.4,-54.441,23
2021/06/27 17:45:00,AQUA_M-T,Brasil,MATO GROSSO,CHAPADA DOS GUIMARAES,Cerrado,,,,-15.424,-55.859,17.9
2021/06/27 17:45:00,AQUA_M-T,Brasil,MATO GROSSO,QUERENCIA,Amazonia,,,,-11.83,-52.873,205.6
2021/06/27 17:45:00,AQUA_M-T,Brasil,MATO GROSSO,CAMPINAPOLIS,Cerrado,,,,-14.651,-53.049,45.5
2021/06/27 17:45:00,AQUA_M-T,Brasil,MATO GROSSO,CAMPINAPOLIS,Cerrado,,,,-14.645,-53.058,40.3
2021/06/27 17:45:00,AQUA_M-T,Brasil,MATO GROSSO,QUERENCIA,Amazonia,,,,-11.83,-52.866,86.2
2021/06/27 17:45:00,AQUA_M-T,Brasil,MATO GROSSO,NOVA NAZARE,Cerrado,,,,-14.37,-52.091,43.5
2021/06/27 17:45:00,AQUA_M-T,Brasil,MATO GROSSO,SAO FELIX DO ARAGUAIA,Amazonia,,,,-11.354,-52.669,110.2
2021/06/27 17:45:00,AQUA_M-T,Brasil,MATO GROSSO,MARCELANDIA,Amazonia,,,,-10.776,-54.179,171.4
2021/06/27 17:45:00,AQUA_M-T,Brasil,MATO GROSSO,NOVA NAZARE,Cerrado,,,,-14.367,-52.087,46.2
2021/06/27 17:45:00,AQUA_M-T,Brasil,MATO GROSSO,QUERENCIA,Amazonia,,,,-11.826,-52.846,61.2
2021/06/27 17:45:00,AQUA_M-T,Brasil,MATO GROSSO,ALTO BOA VISTA,Cerrado,,,,-11.727,-51.711,71.9
2021/06/27 17:45:00,AQUA_M-T,Brasil,MATO GROSSO,FELIZ NATAL,Amazonia,,,,-12.706,-55.17,22.8
2021/06/27 17:45:00,AQUA_M-T,Brasil,MATO GROSSO,MATUPA,Amazonia,,,,-10.11,-54.665,56
2021/06/27 17:50:00,AQUA_M-T,Brasil,RORAIMA,AMAJARI,Amazonia,,,,3.875,-61.119,7.7
2021/06/27 17:50:00,AQUA_M-T,Brasil,PARA,ORIXIMINA,Amazonia,,,,1.226,-55.958,21.7
