FID,longitude,latitude,data_hora_gmt,satelite,municipio,estado,pais,geom
focos_ams_ontem_hoje_ref.dbb44d6a-3b1f-35a3-b3c3-472ea876159f,-80.439,-3.542,2021-06-29T19:15:00,AQUA_M-T,Tumbes,Tumbes,Peru,POINT (-3.542 -80.439)
focos_ams_ontem_hoje_ref.e6777276-4d83-3ba6-9174-f733410488d2,-72.331,-15.55,2021-06-29T19:10:00,AQUA_M-T,Castilla,Arequipa,Peru,POINT (-15.55 -72.331)
focos_ams_ontem_hoje_ref.fb5c6bfe-5e1e-3918-8ca1-a405e4acca9d,-73.382,-13.204,2021-06-29T19:10:00,AQUA_M-T,La Convención,Cusco,Peru,POINT (-13.204 -73.382)
focos_ams_ontem_hoje_ref.2303a35d-cebb-3510-a17b-5c026f2b6973,-72.382,-15.56,2021-06-29T19:10:00,AQUA_M-T,Castilla,Arequipa,Peru,POINT (-15.56 -72.382)
focos_ams_ontem_hoje_ref.52d14881-548f-3d01-9bf7-a27cf7e57021,-68.305,-31.794,2021-06-29T19:05:00,AQUA_M-T,Veinticinco de Mayo,San Juan,Argentina,POINT (-31.794 -68.305)
focos_ams_ontem_hoje_ref.391c2bb5-12b9-3a4f-9659-24eef7de8b2c,-68.298,-31.793,2021-06-29T19:05:00,AQUA_M-T,Veinticinco de Mayo,San Juan,Argentina,POINT (-31.793 -68.298)
focos_ams_ontem_hoje_ref.d65962eb-9f15-372f-bc9d-ac202894b581,-69.44,-31.407,2021-06-29T19:05:00,AQUA_M-T,Calingasta,San Juan,Argentina,POINT (-31.407 -69.44)
focos_ams_ontem_hoje_ref.1d7a8224-7a79-3567-852b-505b91399b58,-70.917,9.961,2021-06-29T17:40:00,AQUA_M-T,Baralt,Zulia,Venezuela,POINT (9.961 -70.917)
focos_ams_ontem_hoje_ref.ce59b895-67a8-3eff-abd5-20d8b246f031,-68.564,6.631,2021-06-29T17:40:00,AQUA_M-T,Achaguas,Apure,Venezuela,POINT (6.631 -68.564)
focos_ams_ontem_hoje_ref.a197a335-6028-34b6-b9de-bfdafe1fe3b1,-70.895,9.965,2021-06-29T17:40:00,AQUA_M-T,Baralt,Zulia,Venezuela,POINT (9.965 -70.895)
focos_ams_ontem_hoje_ref.fb5175c8-82ce-37b0-8caa-19463f535039,-65.168,8.037,2021-06-29T17:40:00,AQUA_M-T,Monagas,Anzoátegui,Venezuela,POINT (8.037 -65.168)
focos_ams_ontem_hoje_ref.ff138fc1-e9d5-32b4-b640-61ad3523cb52,-70.137,9.941,2021-06-29T17:40:00,AQUA_M-T,Torres,Lara,Venezuela,POINT (9.941 -70.137)
focos_ams_ontem_hoje_ref.711d39cf-4c6c-3e60-8ef2-4fb944426d96,-64.656,9.402,2021-06-29T17:40:00,AQUA_M-T,Aragua,Anzoátegui,Venezuela,POINT (9.402 -64.656)
focos_ams_ontem_hoje_ref.bf1579b9-fca7-3966-a60f-5d21042fd9f3,-68.544,6.635,2021-06-29T17:40:00,AQUA_M-T,Achaguas,Apure,Venezuela,POINT (6.635 -68.544)
focos_ams_ontem_hoje_ref.86e76e69-7aa9-3227-8e09-875fddb8b258,-62.379,7.44,2021-06-29T17:40:00,AQUA_M-T,Piar,Bolívar,Venezuela,POINT (7.44 -62.379)
focos_ams_ontem_hoje_ref.593bc530-9d80-3a48-97f2-95b7e01b522b,-62.37,7.441,2021-06-29T17:40:00,AQUA_M-T,Piar,Bolívar,Venezuela,POINT (7.441 -62.37)
focos_ams_ontem_hoje_ref.0729de55-8911-323a-a5df-bb69f2080f41,-70.891,9.964,2021-06-29T17:40:00,AQUA_M-T,Baralt,Zulia,Venezuela,POINT (9.964 -70.891)
focos_ams_ontem_hoje_ref.092e995d-05df-3d5f-86f5-8984b96813ac,-62.363,7.433,2021-06-29T17:40:00,AQUA_M-T,Piar,Bolívar,Venezuela,POINT (7.433 -62.363)
focos_ams_ontem_hoje_ref.f0bef013-7413-3828-8b73-43bc61662bff,-67.406,6.894,2021-06-29T17:40:00,AQUA_M-T,Pedro Camejo,Apure,Venezuela,POINT (6.894 -67.406)
focos_ams_ontem_hoje_ref.7fdfa729-916c-30b8-b96d-7fc00b7e3d44,-62.488,6.935,2021-06-29T17:40:00,AQUA_M-T,Piar,Bolívar,Venezuela,POINT (6.935 -62.488)
focos_ams_ontem_hoje_ref.0ee74b97-372c-36ac-9830-22bd446de2a9,-62.572,7.448,2021-06-29T17:40:00,AQUA_M-T,Piar,Bolívar,Venezuela,POINT (7.448 -62.572)
focos_ams_ontem_hoje_ref.07f8a20f-a7f2-37d9-93ab-db9b3b36ea20,-62.479,6.937,2021-06-29T17:40:00,AQUA_M-T,Piar,Bolívar,Venezuela,POINT (6.937 -62.479)
focos_ams_ontem_hoje_ref.80237037-f353-35e0-b7e6-849aac2a7672,-63.276,7.052,2021-06-29T17:40:00,AQUA_M-T,Angostura,Bolívar,Venezuela,POINT (7.052 -63.276)
focos_ams_ontem_hoje_ref.937ff164-60c9-3d68-ad64-d7cd9f41dbec,-62.565,7.459,2021-06-29T17:40:00,AQUA_M-T,Piar,Bolívar,Venezuela,POINT (7.459 -62.565)
focos_ams_ontem_hoje_ref.a49e2011-9854-354d-a47e-05115136157c,-66.131,8.149,2021-06-29T17:40:00,AQUA_M-T,Infante,Guárico,Venezuela,POINT (8.149 -66.131)
focos_ams_ontem_hoje_ref.a01e11d2-9039-35e1-b5d1-e4b6c9c7da17,-63.75,7.102,2021-06-29T17:40:00,AQUA_M-T,Sucre,Bolívar,Venezuela,POINT (7.102 -63.75)
focos_ams_ontem_hoje_ref.88c4814a-21b0-32a0-bf25-8495ba5c13cb,-66.144,8.147,2021-06-29T17:40:00,AQUA_M-T,Infante,Guárico,Venezuela,POINT (8.147 -66.144)
focos_ams_ontem_hoje_ref.275d6f80-d44d-31f4-90b8-adf9d8086570,-63.699,7.24,2021-06-29T17:40:00,AQUA_M-T,Angostura,Bolívar,Venezuela,POINT (7.24 -63.699)
focos_ams_ontem_hoje_ref.7012e778-56af-38f9-9cc5-979287550ebf,-65.319,7.514,2021-06-29T17:40:00,AQUA_M-T,Cedeño,Bolívar,Venezuela,POINT (7.514 -65.319)
focos_ams_ontem_hoje_ref.3f2f1c77-6502-3814-891a-0f36e49bda18,-70.913,9.961,2021-06-29T17:40:00,AQUA_M-T,Baralt,Zulia,Venezuela,POINT (9.961 -70.913)
focos_ams_ontem_hoje_ref.39e4b847-954e-3558-bd85-8082f650552f,-67.006,10.423,2021-06-29T17:40:00,AQUA_M-T,Libertador,Distrito Capital,Venezuela,POINT (10.423 -67.006)
focos_ams_ontem_hoje_ref.c6a1db08-80b5-3b72-b165-387812b78883,-63.833,7.513,2021-06-29T17:40:00,AQUA_M-T,Heres,Bolívar,Venezuela,POINT (7.513 -63.833)
focos_ams_ontem_hoje_ref.c8b5b521-a8b6-3d3c-8284-734b75c89c65,-67.39,6.896,2021-06-29T17:40:00,AQUA_M-T,Pedro Camejo,Apure,Venezuela,POINT (6.896 -67.39)
focos_ams_ontem_hoje_ref.88472278-cb1e-3ef0-9731-4340fb6ff331,-65.582,9.07,2021-06-29T17:40:00,AQUA_M-T,El Socorro,Guárico,Venezuela,POINT (9.07 -65.582)
focos_ams_ontem_hoje_ref.7e73dca8-f5ba-3696-98c7-9f1ab4c56f7d,-62.372,7.431,2021-06-29T17:40:00,AQUA_M-T,Piar,Bolívar,Venezuela,POINT (7.431 -62.372)
focos_ams_ontem_hoje_ref.51d35e8d-ca3a-3d71-82b5-aded5b306502,-51.762,-10.244,2021-06-29T17:35:00,AQUA_M-T,CONFRESA,MATO GROSSO,Brasil,POINT (-10.244 -51.762)
focos_ams_ontem_hoje_ref.d695605a-ef9c-3e92-b0c9-a10385d7a787,-51.782,-10.248,2021-06-29T17:35:00,AQUA_M-T,CONFRESA,MATO GROSSO,Brasil,POINT (-10.248 -51.782)
focos_ams_ontem_hoje_ref.81b33897-f409-3260-a393-759069d0ddfd,-47.997,-9.412,2021-06-29T17:35:00,AQUA_M-T,TOCANTÍNIA,TOCANTINS,Brasil,POINT (-9.412 -47.997)
focos_ams_ontem_hoje_ref.ca8d0f0b-e4ca-3fff-90a3-fef6b9b54924,-56.429,-10.918,2021-06-29T17:35:00,AQUA_M-T,NOVA CANAÃ DO NORTE,MATO GROSSO,Brasil,POINT (-10.918 -56.429)
focos_ams_ontem_hoje_ref.6701e721-7deb-3d3a-b9c8-ffde57a1922c,-51.803,-10.251,2021-06-29T17:35:00,AQUA_M-T,CONFRESA,MATO GROSSO,Brasil,POINT (-10.251 -51.803)
focos_ams_ontem_hoje_ref.18f96af7-f3af-3500-8f08-b40ee57a0687,-51.759,-10.257,2021-06-29T17:35:00,AQUA_M-T,CONFRESA,MATO GROSSO,Brasil,POINT (-10.257 -51.759)
focos_ams_ontem_hoje_ref.10250aaa-1ef9-37d1-be2d-379b37079dfa,-56.439,-10.919,2021-06-29T17:35:00,AQUA_M-T,NOVA CANAÃ DO NORTE,MATO GROSSO,Brasil,POINT (-10.919 -56.439)
focos_ams_ontem_hoje_ref.6d8235e3-fee7-3302-a9c3-0bf829af9dc3,-51.78,-10.261,2021-06-29T17:35:00,AQUA_M-T,CONFRESA,MATO GROSSO,Brasil,POINT (-10.261 -51.78)
focos_ams_ontem_hoje_ref.6d7ece7f-5cfb-33aa-bc39-b20d8dbdea25,-53.572,-10.126,2021-06-29T17:35:00,AQUA_M-T,PEIXOTO DE AZEVEDO,MATO GROSSO,Brasil,POINT (-10.126 -53.572)
focos_ams_ontem_hoje_ref.041f715b-22b8-3bbd-a249-d4ad7726840c,-56.427,-10.927,2021-06-29T17:35:00,AQUA_M-T,NOVA CANAÃ DO NORTE,MATO GROSSO,Brasil,POINT (-10.927 -56.427)
focos_ams_ontem_hoje_ref.d5db0607-2b87-3744-995e-6e4bde785a79,-50.65,-9.474,2021-06-29T17:35:00,AQUA_M-T,SANTANA DO ARAGUAIA,PARÁ,Brasil,POINT (-9.474 -50.65)
focos_ams_ontem_hoje_ref.183237db-8f5a-36b6-afeb-a242b7560e89,-50.642,-9.476,2021-06-29T17:35:00,AQUA_M-T,SANTANA DO ARAGUAIA,PARÁ,Brasil,POINT (-9.476 -50.642)
focos_ams_ontem_hoje_ref.6e3599c8-5e7b-3650-a6be-2d8f346318a6,-56.437,-10.929,2021-06-29T17:35:00,AQUA_M-T,NOVA CANAÃ DO NORTE,MATO GROSSO,Brasil,POINT (-10.929 -56.437)
focos_ams_ontem_hoje_ref.6bb8778b-d0ea-3276-8e51-d44040d1d51d,-51.082,-8.355,2021-06-29T17:35:00,AQUA_M-T,CUMARU DO NORTE,PARÁ,Brasil,POINT (-8.355 -51.082)
focos_ams_ontem_hoje_ref.23feabfe-0daa-3317-bb17-e0fecf1fe4e2,-51.107,-8.359,2021-06-29T17:35:00,AQUA_M-T,CUMARU DO NORTE,PARÁ,Brasil,POINT (-8.359 -51.107)
focos_ams_ontem_hoje_ref.59689dca-7830-3540-ba5d-d60e1513d347,-59.942,-9.933,2021-06-29T17:35:00,AQUA_M-T,ARIPUANÃ,MATO GROSSO,Brasil,POINT (-9.933 -59.942)
focos_ams_ontem_hoje_ref.25ce31d5-a967-3df8-a5fe-a00891ee30c0,-56.192,-10.937,2021-06-29T17:35:00,AQUA_M-T,NOVA CANAÃ DO NORTE,MATO GROSSO,Brasil,POINT (-10.937 -56.192)
focos_ams_ontem_hoje_ref.7d97cf3f-4e84-3eba-8919-ff0137fd205c,-51.102,-8.36,2021-06-29T17:35:00,AQUA_M-T,CUMARU DO NORTE,PARÁ,Brasil,POINT (-8.36 -51.102)
focos_ams_ontem_hoje_ref.b6d6749a-d06e-3e0b-9777-c8a87c85e6f9,-50.372,-8.619,2021-06-29T17:35:00,AQUA_M-T,SANTA MARIA DAS BARREIRAS,PARÁ,Brasil,POINT (-8.619 -50.372)
focos_ams_ontem_hoje_ref.d58ba488-2132-3f3e-96ba-02ed9ea2170f,-56.203,-10.938,2021-06-29T17:35:00,AQUA_M-T,NOVA CANAÃ DO NORTE,MATO GROSSO,Brasil,POINT (-10.938 -56.203)
focos_ams_ontem_hoje_ref.90790fd5-a402-3d0f-b8e9-f2be659639dc,-50.376,-8.622,2021-06-29T17:35:00,AQUA_M-T,SANTA MARIA DAS BARREIRAS,PARÁ,Brasil,POINT (-8.622 -50.376)
focos_ams_ontem_hoje_ref.4103f997-d66b-31f7-9d6b-8ba986bee276,-50.459,-8.969,2021-06-29T17:35:00,AQUA_M-T,SANTANA DO ARAGUAIA,PARÁ,Brasil,POINT (-8.969 -50.459)
focos_ams_ontem_hoje_ref.67986371-ce66-3393-8710-6ee8dc4a1a2a,-56.123,-9.493,2021-06-29T17:35:00,AQUA_M-T,ALTA FLORESTA,MATO GROSSO,Brasil,POINT (-9.493 -56.123)
focos_ams_ontem_hoje_ref.dfbcff96-6158-30e6-91f4-e297a113fc94,-51.01,-8.983,2021-06-29T17:35:00,AQUA_M-T,SANTANA DO ARAGUAIA,PARÁ,Brasil,POINT (-8.983 -51.01)
focos_ams_ontem_hoje_ref.b1233be8-a764-316b-bd02-9540f0492268,-69.475,5.158,2021-06-29T17:35:00,AQUA_M-T,La Primavera,Vichada,Colombia,POINT (5.158 -69.475)
focos_ams_ontem_hoje_ref.2cacf905-5d42-3570-8b6b-70d519fccd32,-50.681,-9.085,2021-06-29T17:35:00,AQUA_M-T,SANTANA DO ARAGUAIA,PARÁ,Brasil,POINT (-9.085 -50.681)
focos_ams_ontem_hoje_ref.e4320330-f142-39b0-9596-4fb29bccadd3,-53.566,-10.124,2021-06-29T17:35:00,AQUA_M-T,PEIXOTO DE AZEVEDO,MATO GROSSO,Brasil,POINT (-10.124 -53.566)
focos_ams_ontem_hoje_ref.b33ff2e7-38e9-33ad-b493-ee1002aa374c,-52.29,-10.016,2021-06-29T17:35:00,AQUA_M-T,SANTA CRUZ DO XINGU,MATO GROSSO,Brasil,POINT (-10.016 -52.29)
focos_ams_ontem_hoje_ref.10382283-2886-3a1b-ac11-fa606e88a8e4,-68.765,5.039,2021-06-29T17:35:00,AQUA_M-T,Cumaribo,Vichada,Colombia,POINT (5.039 -68.765)
focos_ams_ontem_hoje_ref.80d48fd6-9ba4-3a61-810f-d48a4015f301,-51.86,-10.287,2021-06-29T17:35:00,AQUA_M-T,CONFRESA,MATO GROSSO,Brasil,POINT (-10.287 -51.86)
focos_ams_ontem_hoje_ref.03ff2002-cd9d-35e3-b5ef-a5997d8d4cbd,-58.072,-10.303,2021-06-29T17:35:00,AQUA_M-T,NOVA BANDEIRANTES,MATO GROSSO,Brasil,POINT (-10.303 -58.072)
focos_ams_ontem_hoje_ref.a44381b5-7318-31fe-8238-13ecc44f7199,-49.263,-6.802,2021-06-29T17:35:00,AQUA_M-T,XINGUARA,PARÁ,Brasil,POINT (-6.802 -49.263)
focos_ams_ontem_hoje_ref.9c80839e-293c-303a-afa5-c19db34b5ac0,-58.063,-10.302,2021-06-29T17:35:00,AQUA_M-T,NOVA BANDEIRANTES,MATO GROSSO,Brasil,POINT (-10.302 -58.063)
focos_ams_ontem_hoje_ref.2762035c-fca5-3dd6-bfb1-1f410ee36111,-49.967,-7.593,2021-06-29T17:35:00,AQUA_M-T,RIO MARIA,PARÁ,Brasil,POINT (-7.593 -49.967)
focos_ams_ontem_hoje_ref.54bdb07c-6815-36c6-b640-8012190e95c7,-57.309,-10.265,2021-06-29T17:35:00,AQUA_M-T,NOVA MONTE VERDE,MATO GROSSO,Brasil,POINT (-10.265 -57.309)
focos_ams_ontem_hoje_ref.194a1ea0-74c2-3785-8b47-77299994fc0a,-56.112,-9.491,2021-06-29T17:35:00,AQUA_M-T,ALTA FLORESTA,MATO GROSSO,Brasil,POINT (-9.491 -56.112)
focos_ams_ontem_hoje_ref.ba8da22c-a642-3a92-a0f3-6f239fb502bb,-55.553,-6.248,2021-06-29T17:35:00,AQUA_M-T,ITAITUBA,PARÁ,Brasil,POINT (-6.248 -55.553)
focos_ams_ontem_hoje_ref.aa49a118-ab37-3553-8af1-404beace8d35,-57.098,-10.078,2021-06-29T17:35:00,AQUA_M-T,NOVA MONTE VERDE,MATO GROSSO,Brasil,POINT (-10.078 -57.098)
focos_ams_ontem_hoje_ref.3016b544-db92-3f91-86a8-dfd383d611ca,-55.279,-7.759,2021-06-29T17:35:00,AQUA_M-T,NOVO PROGRESSO,PARÁ,Brasil,POINT (-7.759 -55.279)
focos_ams_ontem_hoje_ref.b2afe2bd-5355-3d16-b09e-ce2817156d92,-53.554,-10.399,2021-06-29T17:35:00,AQUA_M-T,PEIXOTO DE AZEVEDO,MATO GROSSO,Brasil,POINT (-10.399 -53.554)
focos_ams_ontem_hoje_ref.0fdc2bbc-63f5-373c-a2b9-84ec2c54f9f1,-52.295,-10.017,2021-06-29T17:35:00,AQUA_M-T,SANTA CRUZ DO XINGU,MATO GROSSO,Brasil,POINT (-10.017 -52.295)
focos_ams_ontem_hoje_ref.75dbcd79-c5b7-3cde-a8ba-6f3931a0dbf9,-50.375,-9.306,2021-06-29T17:35:00,AQUA_M-T,SANTANA DO ARAGUAIA,PARÁ,Brasil,POINT (-9.306 -50.375)
focos_ams_ontem_hoje_ref.e784e036-29a0-3560-aebd-c1637cdea6ba,-52.309,-10.019,2021-06-29T17:35:00,AQUA_M-T,SANTA CRUZ DO XINGU,MATO GROSSO,Brasil,POINT (-10.019 -52.309)
focos_ams_ontem_hoje_ref.e7100c90-9b78-3b66-bde2-f882126c7fd7,-52.314,-10.02,2021-06-29T17:35:00,AQUA_M-T,SANTA CRUZ DO XINGU,MATO GROSSO,Brasil,POINT (-10.02 -52.314)
focos_ams_ontem_hoje_ref.4eb185f9-0687-3e25-8194-6b6f546004f6,-50.707,-9.09,2021-06-29T17:35:00,AQUA_M-T,SANTANA DO ARAGUAIA,PARÁ,Brasil,POINT (-9.09 -50.707)
focos_ams_ontem_hoje_ref.0f1ba2af-298f-35a2-8da3-ed10ba3ef5b8,-52.288,-10.029,2021-06-29T17:35:00,AQUA_M-T,SANTA CRUZ DO XINGU,MATO GROSSO,Brasil,POINT (-10.029 -52.288)
focos_ams_ontem_hoje_ref.90269404-4c3e-32ab-a145-9b0ef5f2114e,-52.293,-10.029,2021-06-29T17:35:00,AQUA_M-T,SANTA CRUZ DO XINGU,MATO GROSSO,Brasil,POINT (-10.029 -52.293)
focos_ams_ontem_hoje_ref.feb00a4b-5a9b-3434-ade4-65b1be20933d,-52.307,-10.032,2021-06-29T17:35:00,AQUA_M-T,SANTA CRUZ DO XINGU,MATO GROSSO,Brasil,POINT (-10.032 -52.307)
focos_ams_ontem_hoje_ref.2de20394-8e4e-34e7-b018-9a31a6ec058a,-52.312,-10.032,2021-06-29T17:35:00,AQUA_M-T,SANTA CRUZ DO XINGU,MATO GROSSO,Brasil,POINT (-10.032 -52.312)
focos_ams_ontem_hoje_ref.48afa6d2-32e2-3d09-9099-f12ee7ca4165,-54.646,-10.086,2021-06-29T17:35:00,AQUA_M-T,MATUPÁ,MATO GROSSO,Brasil,POINT (-10.086 -54.646)
focos_ams_ontem_hoje_ref.99f6f837-4627-346a-8875-9e9cafac6004,-52.781,-10.098,2021-06-29T17:35:00,AQUA_M-T,SANTA CRUZ DO XINGU,MATO GROSSO,Brasil,POINT (-10.098 -52.781)
focos_ams_ontem_hoje_ref.7fda69e2-6f4a-3466-96d2-27fc97eada66,-52.767,-10.104,2021-06-29T17:35:00,AQUA_M-T,SANTA CRUZ DO XINGU,MATO GROSSO,Brasil,POINT (-10.104 -52.767)
focos_ams_ontem_hoje_ref.8132b9f7-c260-32dc-ba7e-40004cc6fea9,-54.658,-10.088,2021-06-29T17:35:00,AQUA_M-T,MATUPÁ,MATO GROSSO,Brasil,POINT (-10.088 -54.658)
focos_ams_ontem_hoje_ref.9e092d4e-11c8-312b-a03d-7c220960cde4,-52.761,-10.107,2021-06-29T17:35:00,AQUA_M-T,SANTA CRUZ DO XINGU,MATO GROSSO,Brasil,POINT (-10.107 -52.761)
focos_ams_ontem_hoje_ref.bcb71a2d-3b62-3303-8e28-674a96d24a45,-52.853,-10.331,2021-06-29T17:35:00,AQUA_M-T,SANTA CRUZ DO XINGU,MATO GROSSO,Brasil,POINT (-10.331 -52.853)
focos_ams_ontem_hoje_ref.839b298c-d793-3368-b218-60550cc7ab7f,-55.293,-7.75,2021-06-29T17:35:00,AQUA_M-T,NOVO PROGRESSO,PARÁ,Brasil,POINT (-7.75 -55.293)
focos_ams_ontem_hoje_ref.a02dcc2c-9a3b-3d38-a3e9-e44769c191b2,-55.195,-7.551,2021-06-29T17:35:00,AQUA_M-T,NOVO PROGRESSO,PARÁ,Brasil,POINT (-7.551 -55.195)
focos_ams_ontem_hoje_ref.642e021a-e6be-3db2-9a32-349377888232,-53.574,-10.114,2021-06-29T17:35:00,AQUA_M-T,PEIXOTO DE AZEVEDO,MATO GROSSO,Brasil,POINT (-10.114 -53.574)
focos_ams_ontem_hoje_ref.f4eec1de-f56b-32bb-9b35-db1b1c7f968e,-53.557,-10.123,2021-06-29T17:35:00,AQUA_M-T,PEIXOTO DE AZEVEDO,MATO GROSSO,Brasil,POINT (-10.123 -53.557)
focos_ams_ontem_hoje_ref.197b3708-5ef5-328c-b516-efe4582a38b0,-55.182,-7.549,2021-06-29T17:35:00,AQUA_M-T,NOVO PROGRESSO,PARÁ,Brasil,POINT (-7.549 -55.182)
focos_ams_ontem_hoje_ref.9ac4ecfc-22a0-3117-9816-452517aefa97,-51.001,-8.987,2021-06-29T17:35:00,AQUA_M-T,SANTANA DO ARAGUAIA,PARÁ,Brasil,POINT (-8.987 -51.001)
focos_ams_ontem_hoje_ref.cd088058-c71f-3204-9738-1903ae8899c7,-55.452,-6.876,2021-06-29T17:35:00,AQUA_M-T,NOVO PROGRESSO,PARÁ,Brasil,POINT (-6.876 -55.452)
focos_ams_ontem_hoje_ref.856ecea7-d511-3579-a0c3-5b5c557d40d1,-51.029,-8.991,2021-06-29T17:35:00,AQUA_M-T,SANTANA DO ARAGUAIA,PARÁ,Brasil,POINT (-8.991 -51.029)
focos_ams_ontem_hoje_ref.0172d97a-9326-3f6f-8e1e-c091504c6a2f,-51.008,-8.997,2021-06-29T17:35:00,AQUA_M-T,SANTANA DO ARAGUAIA,PARÁ,Brasil,POINT (-8.997 -51.008)
focos_ams_ontem_hoje_ref.c4b9d0a5-f346-3d92-ba6c-d13895429017,-55.453,-6.655,2021-06-29T17:35:00,AQUA_M-T,NOVO PROGRESSO,PARÁ,Brasil,POINT (-6.655 -55.453)
focos_ams_ontem_hoje_ref.30598b1e-d52f-31dd-ac80-731f3e964a19,-62.708,-9.668,2021-06-29T17:35:00,AQUA_M-T,RIO CRESPO,RONDÔNIA,Brasil,POINT (-9.668 -62.708)
focos_ams_ontem_hoje_ref.54f7f58a-aa67-36fc-a2b4-72c5f6d89777,-55.461,-6.65,2021-06-29T17:35:00,AQUA_M-T,NOVO PROGRESSO,PARÁ,Brasil,POINT (-6.65 -55.461)
focos_ams_ontem_hoje_ref.6c0d25cf-5ca6-351b-a0b3-69704bc266c6,-55.448,-6.648,2021-06-29T17:35:00,AQUA_M-T,NOVO PROGRESSO,PARÁ,Brasil,POINT (-6.648 -55.448)
focos_ams_ontem_hoje_ref.1c14fd15-1303-3988-853f-d3be99a60028,-55.455,-6.644,2021-06-29T17:35:00,AQUA_M-T,NOVO PROGRESSO,PARÁ,Brasil,POINT (-6.644 -55.455)
focos_ams_ontem_hoje_ref.0b25025f-1219-3833-aa0f-a7ae1626828a,-56.24,-10.779,2021-06-29T17:35:00,AQUA_M-T,NOVA CANAÃ DO NORTE,MATO GROSSO,Brasil,POINT (-10.779 -56.24)
focos_ams_ontem_hoje_ref.748191b4-106a-3aea-a94b-59d83a23fcbe,-56.571,-10.46,2021-06-29T17:35:00,AQUA_M-T,ALTA FLORESTA,MATO GROSSO,Brasil,POINT (-10.46 -56.571)
focos_ams_ontem_hoje_ref.5d8ce7ef-b1eb-346e-bb9f-c7100f02598c,-49.995,-7.591,2021-06-29T17:35:00,AQUA_M-T,RIO MARIA,PARÁ,Brasil,POINT (-7.591 -49.995)
focos_ams_ontem_hoje_ref.f5da1e9c-335e-341d-8023-b9749b2d1878,-48.005,-9.412,2021-06-29T17:35:00,AQUA_M-T,TOCANTÍNIA,TOCANTINS,Brasil,POINT (-9.412 -48.005)
focos_ams_ontem_hoje_ref.0e91dd04-cc49-363f-bf27-80fe5e2235cb,-48.039,-9.419,2021-06-29T17:35:00,AQUA_M-T,TOCANTÍNIA,TOCANTINS,Brasil,POINT (-9.419 -48.039)
focos_ams_ontem_hoje_ref.1bfa935e-0756-37d5-adc4-bd86a3b49e31,-56.53,-10.28,2021-06-29T17:35:00,AQUA_M-T,ALTA FLORESTA,MATO GROSSO,Brasil,POINT (-10.28 -56.53)
focos_ams_ontem_hoje_ref.4e272692-57bc-3c0b-8065-cd0d032efc9a,-48.047,-9.419,2021-06-29T17:35:00,AQUA_M-T,TOCANTÍNIA,TOCANTINS,Brasil,POINT (-9.419 -48.047)
focos_ams_ontem_hoje_ref.ae180249-d5e1-396e-914d-9f7e9a533792,-50.689,-9.084,2021-06-29T17:35:00,AQUA_M-T,SANTANA DO ARAGUAIA,PARÁ,Brasil,POINT (-9.084 -50.689)
focos_ams_ontem_hoje_ref.1ac5523c-7d80-3fa6-a4b6-8b3720dfa645,-62.575,-9.213,2021-06-29T17:35:00,AQUA_M-T,CUJUBIM,RONDÔNIA,Brasil,POINT (-9.213 -62.575)
focos_ams_ontem_hoje_ref.a7fe5434-d37f-3518-beb7-a60703f61051,-50.403,-9.311,2021-06-29T17:35:00,AQUA_M-T,SANTANA DO ARAGUAIA,PARÁ,Brasil,POINT (-9.311 -50.403)
focos_ams_ontem_hoje_ref.b6036869-5576-3f16-9c80-ae430cca7672,-50.379,-9.308,2021-06-29T17:35:00,AQUA_M-T,SANTANA DO ARAGUAIA,PARÁ,Brasil,POINT (-9.308 -50.379)
focos_ams_ontem_hoje_ref.ef9b5d8e-48a0-3931-a721-a21cbea3252e,-53.564,-10.135,2021-06-29T17:35:00,AQUA_M-T,PEIXOTO DE AZEVEDO,MATO GROSSO,Brasil,POINT (-10.135 -53.564)
focos_ams_ontem_hoje_ref.04de06de-67df-39e9-8cc3-e303eccb4f4c,-58.483,-9.847,2021-06-29T17:35:00,AQUA_M-T,COTRIGUAÇU,MATO GROSSO,Brasil,POINT (-9.847 -58.483)
focos_ams_ontem_hoje_ref.7f643aca-14b4-33bf-a342-666463bdc3b3,-55.081,-10.245,2021-06-29T17:35:00,AQUA_M-T,PEIXOTO DE AZEVEDO,MATO GROSSO,Brasil,POINT (-10.245 -55.081)
focos_ams_ontem_hoje_ref.ecc90630-cf5b-326b-bd03-fa8686c8cbe2,-59.028,-10.862,2021-06-29T17:35:00,AQUA_M-T,JUÍNA,MATO GROSSO,Brasil,POINT (-10.862 -59.028)
focos_ams_ontem_hoje_ref.cead418d-f714-3a91-8813-f727149bb237,-56.121,-9.502,2021-06-29T17:35:00,AQUA_M-T,ALTA FLORESTA,MATO GROSSO,Brasil,POINT (-9.502 -56.121)
focos_ams_ontem_hoje_ref.b695d57d-8c22-3d7d-beb3-f2f6e92a26af,-56.125,-10.898,2021-06-29T17:35:00,AQUA_M-T,NOVA CANAÃ DO NORTE,MATO GROSSO,Brasil,POINT (-10.898 -56.125)
focos_ams_ontem_hoje_ref.df67df0d-0fb7-3354-9e8a-19ca7a0bb4c7,-51.691,-10.103,2021-06-29T17:35:00,AQUA_M-T,CONFRESA,MATO GROSSO,Brasil,POINT (-10.103 -51.691)
focos_ams_ontem_hoje_ref.278bae76-a74c-3fc9-a35e-f3d069a82331,-51.784,-10.235,2021-06-29T17:35:00,AQUA_M-T,CONFRESA,MATO GROSSO,Brasil,POINT (-10.235 -51.784)
focos_ams_ontem_hoje_ref.07dd223e-0e44-3d39-939f-2881443ea83d,-49.999,-7.599,2021-06-29T17:35:00,AQUA_M-T,RIO MARIA,PARÁ,Brasil,POINT (-7.599 -49.999)
focos_ams_ontem_hoje_ref.61aaa5cc-9007-3704-ab5c-4c946d29a5ed,-69.967,5.108,2021-06-29T17:35:00,AQUA_M-T,La Primavera,Vichada,Colombia,POINT (5.108 -69.967)
focos_ams_ontem_hoje_ref.5832edef-ccfe-3bf9-8192-bb3344953b82,-55.648,-1.828,2021-06-29T17:35:00,AQUA_M-T,ÓBIDOS,PARÁ,Brasil,POINT (-1.828 -55.648)
focos_ams_ontem_hoje_ref.36d757e4-05b0-3c5c-aac9-d8c6daf705bb,-57.299,-10.521,2021-06-29T17:35:00,AQUA_M-T,JUARA,MATO GROSSO,Brasil,POINT (-10.521 -57.299)
focos_ams_ontem_hoje_ref.90e664b1-9e65-3f97-86f7-f2a90d48d0b9,-57.29,-10.52,2021-06-29T17:35:00,AQUA_M-T,JUARA,MATO GROSSO,Brasil,POINT (-10.52 -57.29)
focos_ams_ontem_hoje_ref.c5ca555e-973b-3d95-a2a9-969425d8be66,-57.453,-10.406,2021-06-29T17:35:00,AQUA_M-T,JUARA,MATO GROSSO,Brasil,POINT (-10.406 -57.453)
focos_ams_ontem_hoje_ref.e3ca4252-2116-3c5f-8974-09d0e150981d,-51.698,-10.063,2021-06-29T17:35:00,AQUA_M-T,VILA RICA,MATO GROSSO,Brasil,POINT (-10.063 -51.698)
focos_ams_ontem_hoje_ref.a5512ed8-b2c4-3044-91ee-3282929c91e2,-51.686,-10.098,2021-06-29T17:35:00,AQUA_M-T,CONFRESA,MATO GROSSO,Brasil,POINT (-10.098 -51.686)
focos_ams_ontem_hoje_ref.92f7f4df-a723-3483-b969-ca752e069be3,-55.281,-7.748,2021-06-29T17:35:00,AQUA_M-T,NOVO PROGRESSO,PARÁ,Brasil,POINT (-7.748 -55.281)
focos_ams_ontem_hoje_ref.b5e13daf-251f-3130-a462-695030d8bd36,-59.477,-10.696,2021-06-29T17:35:00,AQUA_M-T,ARIPUANÃ,MATO GROSSO,Brasil,POINT (-10.696 -59.477)
focos_ams_ontem_hoje_ref.1a6959f1-474a-36c0-87cc-75557d0e3dcf,-56.135,-10.899,2021-06-29T17:35:00,AQUA_M-T,NOVA CANAÃ DO NORTE,MATO GROSSO,Brasil,POINT (-10.899 -56.135)
focos_ams_ontem_hoje_ref.b7afcaf2-7c04-3b11-bc03-e4dde3966573,-55.115,-11.477,2021-06-29T17:30:00,AQUA_M-T,CLÁUDIA,MATO GROSSO,Brasil,POINT (-11.477 -55.115)
focos_ams_ontem_hoje_ref.59c5a622-92da-3f4e-8574-5cee0309acfa,-63.997,-25.362,2021-06-29T17:30:00,AQUA_M-T,Anta,Salta,Argentina,POINT (-25.362 -63.997)
focos_ams_ontem_hoje_ref.aabc707e-5f8d-3b61-a4f9-49173762e88f,-55.119,-11.479,2021-06-29T17:30:00,AQUA_M-T,CLÁUDIA,MATO GROSSO,Brasil,POINT (-11.479 -55.119)
focos_ams_ontem_hoje_ref.c72324bd-bcb2-3d68-ab01-6da1bb3bbbe5,-61.152,-26.013,2021-06-29T17:30:00,AQUA_M-T,General Güemes,Chaco,Argentina,POINT (-26.013 -61.152)
focos_ams_ontem_hoje_ref.f9f33ea2-fb3e-31d8-98d2-4e0239ab1e18,-54.28,-11.48,2021-06-29T17:30:00,AQUA_M-T,UNIÃO DO SUL,MATO GROSSO,Brasil,POINT (-11.48 -54.28)
focos_ams_ontem_hoje_ref.ce8dc9ee-ed53-378b-9611-568b956440ae,-54.009,-11.481,2021-06-29T17:30:00,AQUA_M-T,UNIÃO DO SUL,MATO GROSSO,Brasil,POINT (-11.481 -54.009)
focos_ams_ontem_hoje_ref.f678fb7b-e92f-3d27-9a4c-25fc19e76910,-61.139,-26.02,2021-06-29T17:30:00,AQUA_M-T,General Güemes,Chaco,Argentina,POINT (-26.02 -61.139)
focos_ams_ontem_hoje_ref.24bfaa32-6708-3a3b-93a0-7192724a2e71,-54.293,-11.482,2021-06-29T17:30:00,AQUA_M-T,UNIÃO DO SUL,MATO GROSSO,Brasil,POINT (-11.482 -54.293)
focos_ams_ontem_hoje_ref.8e8eb9d6-9505-39ab-8673-3ce3c85d2425,-64.021,-25.364,2021-06-29T17:30:00,AQUA_M-T,Anta,Salta,Argentina,POINT (-25.364 -64.021)
focos_ams_ontem_hoje_ref.70a98e9b-80c3-399b-b256-eb307da6acca,-54.022,-11.483,2021-06-29T17:30:00,AQUA_M-T,UNIÃO DO SUL,MATO GROSSO,Brasil,POINT (-11.483 -54.022)
focos_ams_ontem_hoje_ref.c89b1d26-323f-301c-9b5d-efd56cdbf87b,-61.051,-23.099,2021-06-29T17:30:00,AQUA_M-T,Doctor Pedro P. Peña,Boquerón,Paraguay,POINT (-23.099 -61.051)
focos_ams_ontem_hoje_ref.a2cddca3-84bb-3494-8a90-27f3d297092a,-54.002,-11.484,2021-06-29T17:30:00,AQUA_M-T,UNIÃO DO SUL,MATO GROSSO,Brasil,POINT (-11.484 -54.002)
focos_ams_ontem_hoje_ref.f4527273-2910-3f19-ae45-adfc78b10fd3,-54.306,-11.484,2021-06-29T17:30:00,AQUA_M-T,UNIÃO DO SUL,MATO GROSSO,Brasil,POINT (-11.484 -54.306)
focos_ams_ontem_hoje_ref.c1355df5-9a6b-312b-b3d1-384afb4f0bd8,-61.04,-23.101,2021-06-29T17:30:00,AQUA_M-T,Doctor Pedro P. Peña,Boquerón,Paraguay,POINT (-23.101 -61.04)
focos_ams_ontem_hoje_ref.76efd5a4-f652-3eee-9fea-5a1deac7b7f9,-54.036,-11.485,2021-06-29T17:30:00,AQUA_M-T,UNIÃO DO SUL,MATO GROSSO,Brasil,POINT (-11.485 -54.036)
focos_ams_ontem_hoje_ref.96532e4d-299d-31fd-ac73-c2ea8add22a0,-64.028,-25.365,2021-06-29T17:30:00,AQUA_M-T,Anta,Salta,Argentina,POINT (-25.365 -64.028)
focos_ams_ontem_hoje_ref.d87493f8-c008-3a25-8a34-9a9ad2a6831b,-54.015,-11.487,2021-06-29T17:30:00,AQUA_M-T,UNIÃO DO SUL,MATO GROSSO,Brasil,POINT (-11.487 -54.015)
focos_ams_ontem_hoje_ref.bf21cb45-5da5-3e98-bf59-1a847c598ef1,-61.057,-23.103,2021-06-29T17:30:00,AQUA_M-T,Doctor Pedro P. Peña,Boquerón,Paraguay,POINT (-23.103 -61.057)
focos_ams_ontem_hoje_ref.bf6914d1-3348-3170-8c4f-66d73eaf2188,-54.049,-11.487,2021-06-29T17:30:00,AQUA_M-T,UNIÃO DO SUL,MATO GROSSO,Brasil,POINT (-11.487 -54.049)
focos_ams_ontem_hoje_ref.3a810623-bf79-3c9f-901b-8fe59f06c0da,-54.028,-11.489,2021-06-29T17:30:00,AQUA_M-T,UNIÃO DO SUL,MATO GROSSO,Brasil,POINT (-11.489 -54.028)
focos_ams_ontem_hoje_ref.5dbf61f5-cf8f-3fbb-824b-275e981c2904,-60.447,-23.169,2021-06-29T17:30:00,AQUA_M-T,Doctor Pedro P. Peña,Boquerón,Paraguay,POINT (-23.169 -60.447)
focos_ams_ontem_hoje_ref.f1ccad47-4211-30c7-9d4b-fa32e1a11e49,-54.042,-11.491,2021-06-29T17:30:00,AQUA_M-T,UNIÃO DO SUL,MATO GROSSO,Brasil,POINT (-11.491 -54.042)
focos_ams_ontem_hoje_ref.e8c9cc18-5264-316e-a243-1aadffccd97d,-63.068,-19.523,2021-06-29T17:30:00,AQUA_M-T,Cordillera,Santa Cruz,Bolivia,POINT (-19.523 -63.068)
focos_ams_ontem_hoje_ref.31ecdac5-1fdb-3333-adff-77469e19e06f,-54.04,-11.502,2021-06-29T17:30:00,AQUA_M-T,UNIÃO DO SUL,MATO GROSSO,Brasil,POINT (-11.502 -54.04)
focos_ams_ontem_hoje_ref.58e26e38-bc70-3cd7-b305-53a91e5985bb,-50.403,-10.364,2021-06-29T17:30:00,AQUA_M-T,PIUM,TOCANTINS,Brasil,POINT (-10.364 -50.403)
focos_ams_ontem_hoje_ref.d4d99fbe-c1cb-312a-96f9-bfe2b052efc3,-49.755,-10.392,2021-06-29T17:30:00,AQUA_M-T,PIUM,TOCANTINS,Brasil,POINT (-10.392 -49.755)
focos_ams_ontem_hoje_ref.4766afe6-3f7a-37b2-ac38-535bcf2bce69,-57.697,-22.56,2021-06-29T17:30:00,AQUA_M-T,Concepción,Concepción,Paraguay,POINT (-22.56 -57.697)
focos_ams_ontem_hoje_ref.bca8dd2b-35fb-358c-8c4a-7ceb436e6936,-49.33,-10.546,2021-06-29T17:30:00,AQUA_M-T,CRISTALÂNDIA,TOCANTINS,Brasil,POINT (-10.546 -49.33)
focos_ams_ontem_hoje_ref.abb98fd1-87ba-3f4d-b6b8-be961c46986d,-65.697,-27.466,2021-06-29T17:30:00,AQUA_M-T,Rió Chico,Tucumán,Argentina,POINT (-27.466 -65.697)
focos_ams_ontem_hoje_ref.ba6b5e6a-dbe8-33c5-9048-9adec3f35718,-61.427,-21.811,2021-06-29T17:30:00,AQUA_M-T,General Eugenio A. Garay,Boquerón,Paraguay,POINT (-21.811 -61.427)
focos_ams_ontem_hoje_ref.1d71edaa-284b-314e-b0ba-d7c64734c6d9,-49.337,-10.552,2021-06-29T17:30:00,AQUA_M-T,CRISTALÂNDIA,TOCANTINS,Brasil,POINT (-10.552 -49.337)
focos_ams_ontem_hoje_ref.8698c58f-33aa-34b3-a663-7eaa69e132f9,-57.621,-22.695,2021-06-29T17:30:00,AQUA_M-T,Concepción,Concepción,Paraguay,POINT (-22.695 -57.621)
focos_ams_ontem_hoje_ref.77dcc4f3-c1a3-3038-9022-1f6b0a4fe236,-49.362,-10.552,2021-06-29T17:30:00,AQUA_M-T,CRISTALÂNDIA,TOCANTINS,Brasil,POINT (-10.552 -49.362)
focos_ams_ontem_hoje_ref.28f6b7a6-4587-3861-bba3-39ba638aaca5,-57.226,-19.047,2021-06-29T17:30:00,AQUA_M-T,CORUMBÁ,MATO GROSSO DO SUL,Brasil,POINT (-19.047 -57.226)
focos_ams_ontem_hoje_ref.7ee0fe26-069b-3612-98ac-3087085fdc8d,-62.005,-17.815,2021-06-29T17:30:00,AQUA_M-T,Chiquitos,Santa Cruz,Bolivia,POINT (-17.815 -62.005)
focos_ams_ontem_hoje_ref.fce3f23c-a723-3514-a506-acac43fa7295,-57.303,-19.057,2021-06-29T17:30:00,AQUA_M-T,CORUMBÁ,MATO GROSSO DO SUL,Brasil,POINT (-19.057 -57.303)
focos_ams_ontem_hoje_ref.0e9e39a1-9278-31f1-91fb-3b23bea79b28,-56.216,-28.842,2021-06-29T17:30:00,AQUA_M-T,SÃO BORJA,RIO GRANDE DO SUL,Brasil,POINT (-28.842 -56.216)
focos_ams_ontem_hoje_ref.06e1abcb-3aeb-33cc-94ad-8c919561278d,-56.11,-28.438,2021-06-29T17:30:00,AQUA_M-T,Santo Tomé,Corrientes,Argentina,POINT (-28.438 -56.11)
focos_ams_ontem_hoje_ref.f7800c94-788a-355a-bcfd-935685f5cb38,-58.214,-18.566,2021-06-29T17:30:00,AQUA_M-T,Chiquitos,Santa Cruz,Bolivia,POINT (-18.566 -58.214)
focos_ams_ontem_hoje_ref.088ce9f1-9524-356a-a544-9442feae7a49,-56.109,-28.447,2021-06-29T17:30:00,AQUA_M-T,Santo Tomé,Corrientes,Argentina,POINT (-28.447 -56.109)
focos_ams_ontem_hoje_ref.946eb596-9ab8-3008-a155-7f7e193f20f2,-56.067,-27.854,2021-06-29T17:30:00,AQUA_M-T,Santo Tomé,Corrientes,Argentina,POINT (-27.854 -56.067)
focos_ams_ontem_hoje_ref.1ad0d81e-2a5c-313e-a3f9-81e30852f6a5,-61.631,-17.85,2021-06-29T17:30:00,AQUA_M-T,Chiquitos,Santa Cruz,Bolivia,POINT (-17.85 -61.631)
focos_ams_ontem_hoje_ref.f74063fc-059b-3432-8e2e-122249111709,-55.622,-11.393,2021-06-29T17:30:00,AQUA_M-T,SINOP,MATO GROSSO,Brasil,POINT (-11.393 -55.622)
focos_ams_ontem_hoje_ref.5bc3f1be-70dc-3e6b-a394-dc525b0c7472,-55.933,-28.057,2021-06-29T17:30:00,AQUA_M-T,Santo Tomé,Corrientes,Argentina,POINT (-28.057 -55.933)
focos_ams_ontem_hoje_ref.1342b4f9-f591-3bfb-928f-56a5da98f3d0,-54.879,-23.141,2021-06-29T17:30:00,AQUA_M-T,AMAMBAI,MATO GROSSO DO SUL,Brasil,POINT (-23.141 -54.879)
focos_ams_ontem_hoje_ref.e75a106d-102a-3bcc-a3dc-dfd8b6805177,-55.633,-11.394,2021-06-29T17:30:00,AQUA_M-T,SINOP,MATO GROSSO,Brasil,POINT (-11.394 -55.633)
focos_ams_ontem_hoje_ref.ba79bc51-cbc6-3005-937c-919a1de50023,-54.889,-23.142,2021-06-29T17:30:00,AQUA_M-T,AMAMBAI,MATO GROSSO DO SUL,Brasil,POINT (-23.142 -54.889)
focos_ams_ontem_hoje_ref.aae691e8-ff54-3627-8507-776d1ed0ff4e,-54.4,-23.521,2021-06-29T17:30:00,AQUA_M-T,IGUATEMI,MATO GROSSO DO SUL,Brasil,POINT (-23.521 -54.4)
focos_ams_ontem_hoje_ref.d727f844-a1bf-38e7-9026-8f0161ad1b47,-48.785,-12.164,2021-06-29T17:30:00,AQUA_M-T,SUCUPIRA,TOCANTINS,Brasil,POINT (-12.164 -48.785)
focos_ams_ontem_hoje_ref.268a1529-c97c-318d-b64d-094d7d70b197,-56.778,-21.887,2021-06-29T17:30:00,AQUA_M-T,BELA VISTA,MATO GROSSO DO SUL,Brasil,POINT (-21.887 -56.778)
focos_ams_ontem_hoje_ref.c924c44f-14dd-3947-a490-77cf61046377,-48.779,-12.171,2021-06-29T17:30:00,AQUA_M-T,SUCUPIRA,TOCANTINS,Brasil,POINT (-12.171 -48.779)
focos_ams_ontem_hoje_ref.92e277fb-077e-35fa-8831-ccce0dd87eb7,-56.777,-21.896,2021-06-29T17:30:00,AQUA_M-T,BELA VISTA,MATO GROSSO DO SUL,Brasil,POINT (-21.896 -56.777)
focos_ams_ontem_hoje_ref.afbc8ce4-18a9-3802-a94c-db2a893ac96f,-65.519,-27.492,2021-06-29T17:30:00,AQUA_M-T,Simoca,Tucumán,Argentina,POINT (-27.492 -65.519)
focos_ams_ontem_hoje_ref.f9153be0-47ab-340b-86c8-529abd92aed9,-61.908,-22.276,2021-06-29T17:30:00,AQUA_M-T,Doctor Pedro P. Peña,Boquerón,Paraguay,POINT (-22.276 -61.908)
focos_ams_ontem_hoje_ref.243393fd-e9fa-32d2-9fdd-114bd667966f,-47.501,-16.137,2021-06-29T17:30:00,AQUA_M-T,CRISTALINA,GOIÁS,Brasil,POINT (-16.137 -47.501)
focos_ams_ontem_hoje_ref.8356d52b-a812-3262-9813-1fed2bd24895,-47.47,-16.141,2021-06-29T17:30:00,AQUA_M-T,CRISTALINA,GOIÁS,Brasil,POINT (-16.141 -47.47)
focos_ams_ontem_hoje_ref.52ff1550-997e-312a-aba8-41ac5454cdc7,-61.901,-22.28,2021-06-29T17:30:00,AQUA_M-T,Doctor Pedro P. Peña,Boquerón,Paraguay,POINT (-22.28 -61.901)
focos_ams_ontem_hoje_ref.b7419e07-f737-3742-b410-4b831028f7e9,-57.787,-22.104,2021-06-29T17:30:00,AQUA_M-T,PORTO MURTINHO,MATO GROSSO DO SUL,Brasil,POINT (-22.104 -57.787)
focos_ams_ontem_hoje_ref.d0a27581-ea00-3aa4-98cf-8e637645bbc8,-47.504,-16.147,2021-06-29T17:30:00,AQUA_M-T,CRISTALINA,GOIÁS,Brasil,POINT (-16.147 -47.504)
focos_ams_ontem_hoje_ref.39fa68a4-fe95-3f99-8b74-10b7e44ef4c9,-56.971,-22.334,2021-06-29T17:30:00,AQUA_M-T,Concepción,Concepción,Paraguay,POINT (-22.334 -56.971)
focos_ams_ontem_hoje_ref.744e0e1a-ff90-3a34-bb78-964af24008fa,-56.981,-22.335,2021-06-29T17:30:00,AQUA_M-T,Concepción,Concepción,Paraguay,POINT (-22.335 -56.981)
focos_ams_ontem_hoje_ref.09c71c68-7a9d-339d-8890-6d02c40b59e3,-63.371,-18.661,2021-06-29T17:30:00,AQUA_M-T,Cordillera,Santa Cruz,Bolivia,POINT (-18.661 -63.371)
focos_ams_ontem_hoje_ref.21786b55-a986-33dc-a9b1-2e6c5b5a0aa6,-57.14,-22.375,2021-06-29T17:30:00,AQUA_M-T,San Carlos,Concepción,Paraguay,POINT (-22.375 -57.14)
focos_ams_ontem_hoje_ref.a3a3f85c-8d20-3731-b963-6f5f0fe41253,-57.226,-20.001,2021-06-29T17:30:00,AQUA_M-T,CORUMBÁ,MATO GROSSO DO SUL,Brasil,POINT (-20.001 -57.226)
focos_ams_ontem_hoje_ref.1953c6dc-e684-3404-af6b-6fd8f9a5d268,-56.811,-20.348,2021-06-29T17:30:00,AQUA_M-T,MIRANDA,MATO GROSSO DO SUL,Brasil,POINT (-20.348 -56.811)
focos_ams_ontem_hoje_ref.50946dd3-9e19-390d-ad80-81f127c6092e,-56.81,-20.357,2021-06-29T17:30:00,AQUA_M-T,MIRANDA,MATO GROSSO DO SUL,Brasil,POINT (-20.357 -56.81)
focos_ams_ontem_hoje_ref.311dc027-0891-385e-87ae-6590d2312eb2,-61.598,-17.868,2021-06-29T17:30:00,AQUA_M-T,Chiquitos,Santa Cruz,Bolivia,POINT (-17.868 -61.598)
focos_ams_ontem_hoje_ref.dae7ea58-a15a-33fb-881e-2a63a9634323,-51.979,-24.803,2021-06-29T17:30:00,AQUA_M-T,SANTA MARIA DO OESTE,PARANÁ,Brasil,POINT (-24.803 -51.979)
focos_ams_ontem_hoje_ref.d5f1116a-3a2f-3e25-9cd7-2d8acc025fa9,-57.464,-21.558,2021-06-29T17:30:00,AQUA_M-T,PORTO MURTINHO,MATO GROSSO DO SUL,Brasil,POINT (-21.558 -57.464)
focos_ams_ontem_hoje_ref.6028423b-6181-3dc5-80fd-002e56ca7f4e,-51.985,-24.805,2021-06-29T17:30:00,AQUA_M-T,SANTA MARIA DO OESTE,PARANÁ,Brasil,POINT (-24.805 -51.985)
focos_ams_ontem_hoje_ref.113c6292-7417-3197-8bc1-0ef392988c0f,-65.526,-27.489,2021-06-29T17:30:00,AQUA_M-T,Simoca,Tucumán,Argentina,POINT (-27.489 -65.526)
focos_ams_ontem_hoje_ref.ba295a67-bc7f-32f4-bea0-e3ebb2dbace6,-61.91,-22.264,2021-06-29T17:30:00,AQUA_M-T,Doctor Pedro P. Peña,Boquerón,Paraguay,POINT (-22.264 -61.91)
focos_ams_ontem_hoje_ref.7bc90762-825b-3cdf-b030-4e827805e0c9,-48.425,-14.276,2021-06-29T17:30:00,AQUA_M-T,NIQUELÂNDIA,GOIÁS,Brasil,POINT (-14.276 -48.425)
focos_ams_ontem_hoje_ref.b4994b83-63e4-3bd4-ab46-049afa3ed13d,-56.326,-21.677,2021-06-29T17:30:00,AQUA_M-T,BELA VISTA,MATO GROSSO DO SUL,Brasil,POINT (-21.677 -56.326)
focos_ams_ontem_hoje_ref.8d465f41-8dbc-326b-a308-2fd523309373,-48.399,-14.278,2021-06-29T17:30:00,AQUA_M-T,NIQUELÂNDIA,GOIÁS,Brasil,POINT (-14.278 -48.399)
focos_ams_ontem_hoje_ref.cf7a3e00-2f3a-3ad5-a5fc-572cc669161e,-48.429,-14.284,2021-06-29T17:30:00,AQUA_M-T,NIQUELÂNDIA,GOIÁS,Brasil,POINT (-14.284 -48.429)
focos_ams_ontem_hoje_ref.71484fdd-b79a-34fb-9a4e-539a7ed81045,-56.336,-21.678,2021-06-29T17:30:00,AQUA_M-T,BELA VISTA,MATO GROSSO DO SUL,Brasil,POINT (-21.678 -56.336)
focos_ams_ontem_hoje_ref.7bae1ea8-78c4-3718-a410-e0a6d79ce213,-48.782,-12.155,2021-06-29T17:30:00,AQUA_M-T,SUCUPIRA,TOCANTINS,Brasil,POINT (-12.155 -48.782)
focos_ams_ontem_hoje_ref.a52c092c-c4c2-3f56-a78c-9a8c5522471c,-61.889,-22.274,2021-06-29T17:30:00,AQUA_M-T,Doctor Pedro P. Peña,Boquerón,Paraguay,POINT (-22.274 -61.889)
focos_ams_ontem_hoje_ref.4dcbd9fb-49f6-3dea-b7ea-4a6c003e0a40,-61.551,-17.874,2021-06-29T17:30:00,AQUA_M-T,Chiquitos,Santa Cruz,Bolivia,POINT (-17.874 -61.551)
focos_ams_ontem_hoje_ref.ee0fbb35-f8ef-30fb-8246-29174a861519,-61.798,-15.634,2021-06-29T17:30:00,AQUA_M-T,Ñuflo de Chávez,Santa Cruz,Bolivia,POINT (-15.634 -61.798)
focos_ams_ontem_hoje_ref.c64a7377-55dd-3e2c-989f-884c8871b7e5,-62.601,-27.569,2021-06-29T17:30:00,AQUA_M-T,Moreno,Santiago del Estero,Argentina,POINT (-27.569 -62.601)
focos_ams_ontem_hoje_ref.2408e97a-5e79-3f64-9fc0-de8a95123dcc,-56.603,-11.763,2021-06-29T17:30:00,AQUA_M-T,PORTO DOS GAÚCHOS,MATO GROSSO,Brasil,POINT (-11.763 -56.603)
focos_ams_ontem_hoje_ref.ca7d28f3-06d1-3268-b311-3d10aed01c10,-50.492,-10.627,2021-06-29T17:30:00,AQUA_M-T,PIUM,TOCANTINS,Brasil,POINT (-10.627 -50.492)
focos_ams_ontem_hoje_ref.72e06627-a8d9-391c-b06a-c863579d6422,-57.054,-22.851,2021-06-29T17:30:00,AQUA_M-T,Concepción,Concepción,Paraguay,POINT (-22.851 -57.054)
focos_ams_ontem_hoje_ref.38100f92-fbfd-3d0a-8ae0-6a05dbf7e767,-50.555,-10.712,2021-06-29T17:30:00,AQUA_M-T,LAGOA DA CONFUSÃO,TOCANTINS,Brasil,POINT (-10.712 -50.555)
focos_ams_ontem_hoje_ref.f872c6f8-8913-35ca-8d5d-72a3a7b40106,-65.731,-27.471,2021-06-29T17:30:00,AQUA_M-T,Rió Chico,Tucumán,Argentina,POINT (-27.471 -65.731)
focos_ams_ontem_hoje_ref.c119531b-7419-3b3d-a15e-9208a7b7c711,-61.201,-22.015,2021-06-29T17:30:00,AQUA_M-T,Doctor Pedro P. Peña,Boquerón,Paraguay,POINT (-22.015 -61.201)
focos_ams_ontem_hoje_ref.d551120e-daed-3be2-af3a-08b71be53196,-50.547,-10.715,2021-06-29T17:30:00,AQUA_M-T,LAGOA DA CONFUSÃO,TOCANTINS,Brasil,POINT (-10.715 -50.547)
focos_ams_ontem_hoje_ref.14cb29df-2f76-30f2-8315-b0300711b875,-57.339,-23.733,2021-06-29T17:30:00,AQUA_M-T,Pozo Colorado,Presidente Hayes,Paraguay,POINT (-23.733 -57.339)
focos_ams_ontem_hoje_ref.0c301d43-b971-3355-8942-6e11e05c0c1d,-50.553,-10.726,2021-06-29T17:30:00,AQUA_M-T,LAGOA DA CONFUSÃO,TOCANTINS,Brasil,POINT (-10.726 -50.553)
focos_ams_ontem_hoje_ref.3bf86598-af21-3ece-93c9-3045879be60a,-50.544,-10.729,2021-06-29T17:30:00,AQUA_M-T,LAGOA DA CONFUSÃO,TOCANTINS,Brasil,POINT (-10.729 -50.544)
focos_ams_ontem_hoje_ref.f75d483a-27af-35cc-a8bd-29acd830b578,-57.338,-23.742,2021-06-29T17:30:00,AQUA_M-T,Pozo Colorado,Presidente Hayes,Paraguay,POINT (-23.742 -57.338)
focos_ams_ontem_hoje_ref.56611623-bee0-35be-b874-606f82c8e45c,-61.21,-22.025,2021-06-29T17:30:00,AQUA_M-T,Doctor Pedro P. Peña,Boquerón,Paraguay,POINT (-22.025 -61.21)
focos_ams_ontem_hoje_ref.f1261270-b4e5-3f83-a3cb-a9c963b158e5,-56.341,-21.256,2021-06-29T17:30:00,AQUA_M-T,BONITO,MATO GROSSO DO SUL,Brasil,POINT (-21.256 -56.341)
focos_ams_ontem_hoje_ref.42048f85-dde7-349e-94f9-cf870d1a7a44,-51.973,-24.803,2021-06-29T17:30:00,AQUA_M-T,SANTA MARIA DO OESTE,PARANÁ,Brasil,POINT (-24.803 -51.973)
focos_ams_ontem_hoje_ref.d16820ab-95a3-3495-8d3d-d92ae4a42c08,-53.414,-12.642,2021-06-29T17:30:00,AQUA_M-T,GAÚCHA DO NORTE,MATO GROSSO,Brasil,POINT (-12.642 -53.414)
focos_ams_ontem_hoje_ref.d4da0596-e24f-3036-b4e3-2b1396338d7c,-62.22,-18.169,2021-06-29T17:30:00,AQUA_M-T,Cordillera,Santa Cruz,Bolivia,POINT (-18.169 -62.22)
focos_ams_ontem_hoje_ref.05287c91-e73b-3488-a4e2-b453906648b3,-57.888,-21.109,2021-06-29T17:30:00,AQUA_M-T,La Victoria,Alto Paraguay,Paraguay,POINT (-21.109 -57.888)
focos_ams_ontem_hoje_ref.688db957-e6de-32ab-94d5-d7d264a0faa8,-52.877,-11.807,2021-06-29T17:30:00,AQUA_M-T,QUERÊNCIA,MATO GROSSO,Brasil,POINT (-11.807 -52.877)
focos_ams_ontem_hoje_ref.1b01ce38-cce2-3a37-88f8-33c115da844b,-52.759,-11.935,2021-06-29T17:30:00,AQUA_M-T,QUERÊNCIA,MATO GROSSO,Brasil,POINT (-11.935 -52.759)
focos_ams_ontem_hoje_ref.7532c728-d03a-3926-ab92-e36043fbcccd,-58.008,-21.949,2021-06-29T17:30:00,AQUA_M-T,La Victoria,Alto Paraguay,Paraguay,POINT (-21.949 -58.008)
focos_ams_ontem_hoje_ref.6454fdc7-c2b1-31f6-a747-af956694e6d0,-52.776,-11.938,2021-06-29T17:30:00,AQUA_M-T,QUERÊNCIA,MATO GROSSO,Brasil,POINT (-11.938 -52.776)
focos_ams_ontem_hoje_ref.55ca5a75-ae4a-3eb8-a79a-b5e815905c3b,-52.764,-11.942,2021-06-29T17:30:00,AQUA_M-T,QUERÊNCIA,MATO GROSSO,Brasil,POINT (-11.942 -52.764)
focos_ams_ontem_hoje_ref.1184e92b-8084-3f14-8867-fd0f17a5ec75,-62.254,-18.173,2021-06-29T17:30:00,AQUA_M-T,Cordillera,Santa Cruz,Bolivia,POINT (-18.173 -62.254)
focos_ams_ontem_hoje_ref.9c54c149-e585-3eac-bfa7-0d273b2f3eb8,-58.007,-21.959,2021-06-29T17:30:00,AQUA_M-T,La Victoria,Alto Paraguay,Paraguay,POINT (-21.959 -58.007)
focos_ams_ontem_hoje_ref.08333dce-38ef-3bd3-877d-5f3107ae1061,-62.271,-18.175,2021-06-29T17:30:00,AQUA_M-T,Cordillera,Santa Cruz,Bolivia,POINT (-18.175 -62.271)
focos_ams_ontem_hoje_ref.66c70c97-1b30-3883-b7d3-7718bb7425d9,-58.017,-21.96,2021-06-29T17:30:00,AQUA_M-T,La Victoria,Alto Paraguay,Paraguay,POINT (-21.96 -58.017)
focos_ams_ontem_hoje_ref.1b2c18d5-0309-3623-8b2a-27c0a0a89c77,-58.037,-22.185,2021-06-29T17:30:00,AQUA_M-T,La Victoria,Alto Paraguay,Paraguay,POINT (-22.185 -58.037)
focos_ams_ontem_hoje_ref.7646082c-0a4e-33e2-a587-b0cdb273374f,-62.594,-17.077,2021-06-29T17:30:00,AQUA_M-T,Ñuflo de Chávez,Santa Cruz,Bolivia,POINT (-17.077 -62.594)
focos_ams_ontem_hoje_ref.621f1885-ca9f-37c7-9cd7-407932689c50,-58.449,-22.261,2021-06-29T17:30:00,AQUA_M-T,Puerto Pinasco,Presidente Hayes,Paraguay,POINT (-22.261 -58.449)
focos_ams_ontem_hoje_ref.aeb4d0a3-f2a5-37bb-bdfb-8636e035aa4b,-57.653,-20.5,2021-06-29T17:30:00,AQUA_M-T,CORUMBÁ,MATO GROSSO DO SUL,Brasil,POINT (-20.5 -57.653)
focos_ams_ontem_hoje_ref.056f37cf-7399-31e9-8f3e-687ff956f538,-62.947,-17.602,2021-06-29T17:30:00,AQUA_M-T,Andrés Ibáñez,Santa Cruz,Bolivia,POINT (-17.602 -62.947)
focos_ams_ontem_hoje_ref.0aa5239f-264d-3ad2-9ddd-a45fdeba109d,-57.651,-20.509,2021-06-29T17:30:00,AQUA_M-T,CORUMBÁ,MATO GROSSO DO SUL,Brasil,POINT (-20.509 -57.651)
focos_ams_ontem_hoje_ref.c2c5a2f9-f96e-3143-8803-441fb7a1f954,-57.85,-20.984,2021-06-29T17:30:00,AQUA_M-T,Fuerte Olimpo,Alto Paraguay,Paraguay,POINT (-20.984 -57.85)
focos_ams_ontem_hoje_ref.5f48f6ff-2540-35cb-86d9-76d450f69a4e,-56.6,-11.782,2021-06-29T17:30:00,AQUA_M-T,PORTO DOS GAÚCHOS,MATO GROSSO,Brasil,POINT (-11.782 -56.6)
focos_ams_ontem_hoje_ref.aaab45c0-9f15-3073-b96e-206495448e20,-62.627,-27.571,2021-06-29T17:30:00,AQUA_M-T,Moreno,Santiago del Estero,Argentina,POINT (-27.571 -62.627)
focos_ams_ontem_hoje_ref.6322eb32-ba51-36d0-9fae-1f24c5e80ee7,-57.777,-22.102,2021-06-29T17:30:00,AQUA_M-T,PORTO MURTINHO,MATO GROSSO DO SUL,Brasil,POINT (-22.102 -57.777)
focos_ams_ontem_hoje_ref.9cb5bb64-50aa-3ce6-aa28-b33ec88bdbdc,-57.841,-21.47,2021-06-29T17:30:00,AQUA_M-T,PORTO MURTINHO,MATO GROSSO DO SUL,Brasil,POINT (-21.47 -57.841)
focos_ams_ontem_hoje_ref.6363d83b-dee9-37cd-bec3-9a93b364ba0b,-55.773,-21.405,2021-06-29T17:30:00,AQUA_M-T,NIOAQUE,MATO GROSSO DO SUL,Brasil,POINT (-21.405 -55.773)
focos_ams_ontem_hoje_ref.d837d443-2c24-3c34-a4eb-3fc61bc9f0d7,-51.334,-13.074,2021-06-29T17:30:00,AQUA_M-T,RIBEIRÃO CASCALHEIRA,MATO GROSSO,Brasil,POINT (-13.074 -51.334)
focos_ams_ontem_hoje_ref.1a7e0dd0-4af4-3968-a737-afc6be094e98,-51.342,-13.075,2021-06-29T17:30:00,AQUA_M-T,RIBEIRÃO CASCALHEIRA,MATO GROSSO,Brasil,POINT (-13.075 -51.342)
focos_ams_ontem_hoje_ref.12194e42-c343-32a8-8173-8342d09c2bc8,-54.873,-22.257,2021-06-29T17:30:00,AQUA_M-T,DOURADOS,MATO GROSSO DO SUL,Brasil,POINT (-22.257 -54.873)
focos_ams_ontem_hoje_ref.efea0a5f-a3db-3dff-bf88-db2de865a00f,-51.332,-13.087,2021-06-29T17:30:00,AQUA_M-T,RIBEIRÃO CASCALHEIRA,MATO GROSSO,Brasil,POINT (-13.087 -51.332)
focos_ams_ontem_hoje_ref.24b8e6dd-dbcd-3978-b333-03acb2a32145,-50.93,-11.325,2021-06-29T17:30:00,AQUA_M-T,SÃO FÉLIX DO ARAGUAIA,MATO GROSSO,Brasil,POINT (-11.325 -50.93)
focos_ams_ontem_hoje_ref.dbb4d345-2aa5-338e-98de-b63b7f8c61e1,-57.909,-21.643,2021-06-29T17:30:00,AQUA_M-T,PORTO MURTINHO,MATO GROSSO DO SUL,Brasil,POINT (-21.643 -57.909)
focos_ams_ontem_hoje_ref.70a4cde2-2aeb-3b8b-8798-b14183158a88,-55.554,-20.738,2021-06-29T17:30:00,AQUA_M-T,ANASTÁCIO,MATO GROSSO DO SUL,Brasil,POINT (-20.738 -55.554)
focos_ams_ontem_hoje_ref.9596cece-caf3-3677-b984-a4315d154c40,-50.953,-11.329,2021-06-29T17:30:00,AQUA_M-T,SÃO FÉLIX DO ARAGUAIA,MATO GROSSO,Brasil,POINT (-11.329 -50.953)
focos_ams_ontem_hoje_ref.76b0efb8-5853-3f78-81bf-f9c53f0d8339,-62.124,-18.123,2021-06-29T17:30:00,AQUA_M-T,Cordillera,Santa Cruz,Bolivia,POINT (-18.123 -62.124)
focos_ams_ontem_hoje_ref.75d2154b-5f96-3910-96da-4c1c913f0e4c,-50.921,-11.332,2021-06-29T17:30:00,AQUA_M-T,SÃO FÉLIX DO ARAGUAIA,MATO GROSSO,Brasil,POINT (-11.332 -50.921)
focos_ams_ontem_hoje_ref.985f7e8d-9958-3e6b-b3f4-1739233776cf,-55.093,-17.667,2021-06-29T17:30:00,AQUA_M-T,SONORA,MATO GROSSO DO SUL,Brasil,POINT (-17.667 -55.093)
focos_ams_ontem_hoje_ref.2de9596c-51a6-322e-b6de-c2e12f5113da,-50.944,-11.336,2021-06-29T17:30:00,AQUA_M-T,SÃO FÉLIX DO ARAGUAIA,MATO GROSSO,Brasil,POINT (-11.336 -50.944)
focos_ams_ontem_hoje_ref.388a90ef-3c40-3799-9515-73cd4e5cd003,-50.927,-11.339,2021-06-29T17:30:00,AQUA_M-T,SÃO FÉLIX DO ARAGUAIA,MATO GROSSO,Brasil,POINT (-11.339 -50.927)
focos_ams_ontem_hoje_ref.fc57e29c-256b-3c22-9106-8dfb69f6735a,-57.908,-21.652,2021-06-29T17:30:00,AQUA_M-T,PORTO MURTINHO,MATO GROSSO DO SUL,Brasil,POINT (-21.652 -57.908)
focos_ams_ontem_hoje_ref.e8fd6882-b74e-3e06-9c48-7a567b2c3e04,-55.103,-17.668,2021-06-29T17:30:00,AQUA_M-T,SONORA,MATO GROSSO DO SUL,Brasil,POINT (-17.668 -55.103)
focos_ams_ontem_hoje_ref.e535f728-bc8c-3cde-ba8e-e6be280e5fc4,-50.95,-11.343,2021-06-29T17:30:00,AQUA_M-T,SÃO FÉLIX DO ARAGUAIA,MATO GROSSO,Brasil,POINT (-11.343 -50.95)
focos_ams_ontem_hoje_ref.498d11e3-50eb-3ca0-bb40-f62a73e86c32,-51.124,-11.368,2021-06-29T17:30:00,AQUA_M-T,SÃO FÉLIX DO ARAGUAIA,MATO GROSSO,Brasil,POINT (-11.368 -51.124)
focos_ams_ontem_hoje_ref.94068b4a-2216-3153-af24-ddc2f26164bd,-57.918,-21.654,2021-06-29T17:30:00,AQUA_M-T,PORTO MURTINHO,MATO GROSSO DO SUL,Brasil,POINT (-21.654 -57.918)
focos_ams_ontem_hoje_ref.09ab1322-4d86-33e1-8d86-195cc8e79aba,-54.053,-14.054,2021-06-29T17:30:00,AQUA_M-T,PARANATINGA,MATO GROSSO,Brasil,POINT (-14.054 -54.053)
focos_ams_ontem_hoje_ref.ee2de074-e83f-31b8-9c56-9e855dfd2d14,-51.128,-11.386,2021-06-29T17:30:00,AQUA_M-T,SÃO FÉLIX DO ARAGUAIA,MATO GROSSO,Brasil,POINT (-11.386 -51.128)
focos_ams_ontem_hoje_ref.ca2b1fcd-f6ac-3e84-acf3-e97ad4d0de3e,-51.15,-11.39,2021-06-29T17:30:00,AQUA_M-T,SÃO FÉLIX DO ARAGUAIA,MATO GROSSO,Brasil,POINT (-11.39 -51.15)
focos_ams_ontem_hoje_ref.28285918-62cb-35fd-9c66-4a70852a699f,-52.948,-13.119,2021-06-29T17:30:00,AQUA_M-T,GAÚCHA DO NORTE,MATO GROSSO,Brasil,POINT (-13.119 -52.948)
focos_ams_ontem_hoje_ref.5697f09b-f564-3a62-adfd-627401ee7399,-57.878,-21.108,2021-06-29T17:30:00,AQUA_M-T,La Victoria,Alto Paraguay,Paraguay,POINT (-21.108 -57.878)
focos_ams_ontem_hoje_ref.aa35f227-d151-3914-90f9-057e82899473,-54.088,-12.463,2021-06-29T17:30:00,AQUA_M-T,PARANATINGA,MATO GROSSO,Brasil,POINT (-12.463 -54.088)
focos_ams_ontem_hoje_ref.7c32f9ad-de41-39e1-bafe-8d52c3280737,-53.4,-12.64,2021-06-29T17:30:00,AQUA_M-T,GAÚCHA DO NORTE,MATO GROSSO,Brasil,POINT (-12.64 -53.4)
focos_ams_ontem_hoje_ref.e8b8f8ea-c762-37fe-9bb8-edae2d9dc0c5,-62.141,-18.125,2021-06-29T17:30:00,AQUA_M-T,Cordillera,Santa Cruz,Bolivia,POINT (-18.125 -62.141)
focos_ams_ontem_hoje_ref.72bda929-6b04-3e41-b59c-ce08518c0007,-63.265,-21.175,2021-06-29T17:30:00,AQUA_M-T,Gran Chaco,Tarija,Bolivia,POINT (-21.175 -63.265)
focos_ams_ontem_hoje_ref.534f50ca-bb74-3857-b675-c10a04f58bba,-54.007,-11.492,2021-06-29T17:30:00,AQUA_M-T,UNIÃO DO SUL,MATO GROSSO,Brasil,POINT (-11.492 -54.007)
focos_ams_ontem_hoje_ref.4b1db9e4-75d1-3f9d-9a1f-b83c1e271869,-54.291,-11.492,2021-06-29T17:30:00,AQUA_M-T,UNIÃO DO SUL,MATO GROSSO,Brasil,POINT (-11.492 -54.291)
focos_ams_ontem_hoje_ref.6f3a458f-59ae-3af4-a008-5309bcfa952c,-54.021,-11.494,2021-06-29T17:30:00,AQUA_M-T,UNIÃO DO SUL,MATO GROSSO,Brasil,POINT (-11.494 -54.021)
focos_ams_ontem_hoje_ref.290d3e82-2196-3137-b2c6-c53a4f14b7d2,-59.32,-19.737,2021-06-29T17:30:00,AQUA_M-T,Mayor Pablo Lagerenza,Alto Paraguay,Paraguay,POINT (-19.737 -59.32)
focos_ams_ontem_hoje_ref.7491f6ad-84d5-3179-ae01-96f9431ad06d,-54.304,-11.494,2021-06-29T17:30:00,AQUA_M-T,UNIÃO DO SUL,MATO GROSSO,Brasil,POINT (-11.494 -54.304)
focos_ams_ontem_hoje_ref.b01e8b6a-37d0-3cc6-be35-d69f5b45decf,-63.311,-21.18,2021-06-29T17:30:00,AQUA_M-T,Gran Chaco,Tarija,Bolivia,POINT (-21.18 -63.311)
focos_ams_ontem_hoje_ref.75b888ee-6043-3585-8760-c3ac5ce5056e,-54.034,-11.496,2021-06-29T17:30:00,AQUA_M-T,UNIÃO DO SUL,MATO GROSSO,Brasil,POINT (-11.496 -54.034)
focos_ams_ontem_hoje_ref.9845b06f-28ee-381a-90a4-30c55c692c3a,-59.331,-19.738,2021-06-29T17:30:00,AQUA_M-T,Mayor Pablo Lagerenza,Alto Paraguay,Paraguay,POINT (-19.738 -59.331)
focos_ams_ontem_hoje_ref.bf863e3b-fb5e-373f-ad36-213c0646ba89,-54.013,-11.497,2021-06-29T17:30:00,AQUA_M-T,UNIÃO DO SUL,MATO GROSSO,Brasil,POINT (-11.497 -54.013)
focos_ams_ontem_hoje_ref.daa08166-d061-35d4-b24a-e05339eb427b,-63.088,-19.526,2021-06-29T17:30:00,AQUA_M-T,Cordillera,Santa Cruz,Bolivia,POINT (-19.526 -63.088)
focos_ams_ontem_hoje_ref.82a2bbd0-7b99-37de-8e55-5e2f720dbf09,-54.68,-11.962,2021-06-29T17:30:00,AQUA_M-T,SANTA CARMEM,MATO GROSSO,Brasil,POINT (-11.962 -54.68)
focos_ams_ontem_hoje_ref.05231d83-381c-3b2b-b28a-f885b79992b3,-60.734,-28.43,2021-06-29T17:30:00,AQUA_M-T,Vera,Santa Fe,Argentina,POINT (-28.43 -60.734)
focos_ams_ontem_hoje_ref.9d8886e6-fbd1-3d0c-abc4-e842150c0fca,-54.502,-12.099,2021-06-29T17:30:00,AQUA_M-T,FELIZ NATAL,MATO GROSSO,Brasil,POINT (-12.099 -54.502)
focos_ams_ontem_hoje_ref.eb5e22eb-e2e8-3d5a-9f15-d3c21fbda866,-60.723,-28.816,2021-06-29T17:30:00,AQUA_M-T,Vera,Santa Fe,Argentina,POINT (-28.816 -60.723)
focos_ams_ontem_hoje_ref.6a527a46-fda2-303d-8cb1-c0b4977ed36e,-63.102,-19.527,2021-06-29T17:30:00,AQUA_M-T,Cordillera,Santa Cruz,Bolivia,POINT (-19.527 -63.102)
focos_ams_ontem_hoje_ref.8444427c-44df-3d5a-94c8-81eec6a0b749,-61.012,-29.192,2021-06-29T17:30:00,AQUA_M-T,Nueve de Julio,Santa Fe,Argentina,POINT (-29.192 -61.012)
focos_ams_ontem_hoje_ref.f63e09b9-d358-355d-a074-347d88c8dd3e,-57.581,-28.136,2021-06-29T17:30:00,AQUA_M-T,San Miguel,Corrientes,Argentina,POINT (-28.136 -57.581)
focos_ams_ontem_hoje_ref.09be6207-f5a1-368e-83dd-c7250d5d042a,-57.467,-28.812,2021-06-29T17:30:00,AQUA_M-T,Mercedes,Corrientes,Argentina,POINT (-28.812 -57.467)
focos_ams_ontem_hoje_ref.3fd94027-34ba-3a34-9d01-a54698e9c92b,-60.715,-29.306,2021-06-29T17:30:00,AQUA_M-T,Vera,Santa Fe,Argentina,POINT (-29.306 -60.715)
focos_ams_ontem_hoje_ref.5e6f80c0-9ff8-396e-a8f4-e6a056062256,-57.342,-29.082,2021-06-29T17:30:00,AQUA_M-T,San Martín,Corrientes,Argentina,POINT (-29.082 -57.342)
focos_ams_ontem_hoje_ref.1c9dcedc-63f6-3a8e-97de-73be392e0806,-63.108,-19.528,2021-06-29T17:30:00,AQUA_M-T,Cordillera,Santa Cruz,Bolivia,POINT (-19.528 -63.108)
focos_ams_ontem_hoje_ref.cae050aa-f93c-3d7c-8dad-4215cf380f9a,-57.506,-27.671,2021-06-29T17:30:00,AQUA_M-T,General Paz,Corrientes,Argentina,POINT (-27.671 -57.506)
focos_ams_ontem_hoje_ref.22ae6ca0-3fe5-3f29-a9b3-9fe75d97bffc,-59.656,-27.689,2021-06-29T17:30:00,AQUA_M-T,Tapenagá,Chaco,Argentina,POINT (-27.689 -59.656)
focos_ams_ontem_hoje_ref.a552408c-c578-36d9-9824-bc454f939248,-56.506,-28.114,2021-06-29T17:30:00,AQUA_M-T,Santo Tomé,Corrientes,Argentina,POINT (-28.114 -56.506)
focos_ams_ontem_hoje_ref.f43ce60e-7932-3091-b8b8-a02e6cde4a5c,-56.517,-28.115,2021-06-29T17:30:00,AQUA_M-T,Santo Tomé,Corrientes,Argentina,POINT (-28.115 -56.517)
focos_ams_ontem_hoje_ref.40cd0140-1891-380c-bd6f-f66f810565ec,-56.515,-28.124,2021-06-29T17:30:00,AQUA_M-T,Santo Tomé,Corrientes,Argentina,POINT (-28.124 -56.515)
focos_ams_ontem_hoje_ref.612e217e-4739-3a9c-908d-1c556b29f441,-58.673,-24.776,2021-06-29T17:30:00,AQUA_M-T,Villa Hayes,Presidente Hayes,Paraguay,POINT (-24.776 -58.673)
focos_ams_ontem_hoje_ref.99e6b4c6-979d-32b2-a736-5da8367aa9e1,-56.538,-28.127,2021-06-29T17:30:00,AQUA_M-T,Santo Tomé,Corrientes,Argentina,POINT (-28.127 -56.538)
focos_ams_ontem_hoje_ref.130dc9b5-121a-3553-9fca-6fd670ccab54,-56.549,-28.129,2021-06-29T17:30:00,AQUA_M-T,Santo Tomé,Corrientes,Argentina,POINT (-28.129 -56.549)
focos_ams_ontem_hoje_ref.26ce5aa9-3d8f-3f29-9d8c-8a3c16980a34,-58.686,-24.778,2021-06-29T17:30:00,AQUA_M-T,Villa Hayes,Presidente Hayes,Paraguay,POINT (-24.778 -58.686)
focos_ams_ontem_hoje_ref.caf5cb03-de0e-39f2-b015-490b1c29ce53,-56.255,-26.22,2021-06-29T17:30:00,AQUA_M-T,Caazapá,Caazapá,Paraguay,POINT (-26.22 -56.255)
focos_ams_ontem_hoje_ref.aa1a6c4b-9bac-37b7-a782-2e53bd49186e,-56.278,-26.397,2021-06-29T17:30:00,AQUA_M-T,Yuty,Caazapá,Paraguay,POINT (-26.397 -56.278)
focos_ams_ontem_hoje_ref.8852c3f1-f061-3fd5-8624-aaad20e8a7f5,-56.777,-24.803,2021-06-29T17:30:00,AQUA_M-T,25 de Diciembre,San Pedro,Paraguay,POINT (-24.803 -56.777)
focos_ams_ontem_hoje_ref.76edc857-e12b-3b7e-97b0-a182ddae6841,-62.237,-18.092,2021-06-29T17:30:00,AQUA_M-T,Cordillera,Santa Cruz,Bolivia,POINT (-18.092 -62.237)
focos_ams_ontem_hoje_ref.107a47d3-9341-305e-b546-b71ffaaac3ef,-58.165,-22.621,2021-06-29T17:30:00,AQUA_M-T,Puerto Pinasco,Presidente Hayes,Paraguay,POINT (-22.621 -58.165)
focos_ams_ontem_hoje_ref.b86d4689-a23f-3ebc-bf68-e4b0a89e95ba,-56.788,-24.804,2021-06-29T17:30:00,AQUA_M-T,25 de Diciembre,San Pedro,Paraguay,POINT (-24.804 -56.788)
focos_ams_ontem_hoje_ref.5f5cf5e1-5de1-3879-9ae2-33d3c4c649e4,-54.077,-19.915,2021-06-29T17:30:00,AQUA_M-T,BANDEIRANTES,MATO GROSSO DO SUL,Brasil,POINT (-19.915 -54.077)
focos_ams_ontem_hoje_ref.370473fe-7103-3946-8a66-2ef61ff94942,-57.83,-21.468,2021-06-29T17:30:00,AQUA_M-T,PORTO MURTINHO,MATO GROSSO DO SUL,Brasil,POINT (-21.468 -57.83)
focos_ams_ontem_hoje_ref.88c06aea-0b25-311f-af5c-5899767def5d,-55.106,-23.138,2021-06-29T17:30:00,AQUA_M-T,AMAMBAI,MATO GROSSO DO SUL,Brasil,POINT (-23.138 -55.106)
focos_ams_ontem_hoje_ref.7da62858-a3c1-3d61-8beb-00defd5605df,-53.024,-17.668,2021-06-29T17:30:00,AQUA_M-T,MINEIROS,GOIÁS,Brasil,POINT (-17.668 -53.024)
focos_ams_ontem_hoje_ref.61d2806b-1e59-362d-b0b3-bb1e535f1846,-62.132,-18.115,2021-06-29T17:30:00,AQUA_M-T,Cordillera,Santa Cruz,Bolivia,POINT (-18.115 -62.132)
focos_ams_ontem_hoje_ref.5efbad2d-4884-33cb-bfd4-7009f42e2c53,-51.932,-14.529,2021-06-29T17:30:00,AQUA_M-T,NOVA NAZARÉ,MATO GROSSO,Brasil,POINT (-14.529 -51.932)
focos_ams_ontem_hoje_ref.64806bb0-d294-35a1-aeae-02d58724ca0d,-54.636,-21.043,2021-06-29T17:30:00,AQUA_M-T,SIDROLÂNDIA,MATO GROSSO DO SUL,Brasil,POINT (-21.043 -54.636)
focos_ams_ontem_hoje_ref.7fc5668f-df26-3d9f-bc27-9f8adaed67f8,-51.337,-13.062,2021-06-29T17:30:00,AQUA_M-T,RIBEIRÃO CASCALHEIRA,MATO GROSSO,Brasil,POINT (-13.062 -51.337)
focos_ams_ontem_hoje_ref.179364b5-d3e7-3186-87a4-eb583c81506d,-51.322,-13.072,2021-06-29T17:30:00,AQUA_M-T,RIBEIRÃO CASCALHEIRA,MATO GROSSO,Brasil,POINT (-13.072 -51.322)
focos_ams_ontem_hoje_ref.3528ba5a-cb04-35b9-8347-0db9d424e109,-63.392,-18.664,2021-06-29T17:30:00,AQUA_M-T,Cordillera,Santa Cruz,Bolivia,POINT (-18.664 -63.392)
focos_ams_ontem_hoje_ref.d2ccf508-6316-3797-b5dd-c3806518ddb7,-56.819,-20.358,2021-06-29T17:30:00,AQUA_M-T,MIRANDA,MATO GROSSO DO SUL,Brasil,POINT (-20.358 -56.819)
focos_ams_ontem_hoje_ref.b9adba57-dde9-3d1e-a0f8-c821d78f94bf,-55.476,-13.139,2021-06-29T17:30:00,AQUA_M-T,SORRISO,MATO GROSSO,Brasil,POINT (-13.139 -55.476)
focos_ams_ontem_hoje_ref.450c8df8-ffcf-321b-aa58-fda125bfd40d,-55.487,-13.141,2021-06-29T17:30:00,AQUA_M-T,SORRISO,MATO GROSSO,Brasil,POINT (-13.141 -55.487)
focos_ams_ontem_hoje_ref.94d6a070-5401-351c-8360-c2d9eacad580,-55.464,-13.147,2021-06-29T17:30:00,AQUA_M-T,SORRISO,MATO GROSSO,Brasil,POINT (-13.147 -55.464)
focos_ams_ontem_hoje_ref.f6796015-f3a5-30ef-989e-b4dd5db4df71,-63.451,-17.035,2021-06-29T17:30:00,AQUA_M-T,Sara,Santa Cruz,Bolivia,POINT (-17.035 -63.451)
focos_ams_ontem_hoje_ref.57628c9a-44b9-3032-89fc-9d8631677e16,-55.474,-13.149,2021-06-29T17:30:00,AQUA_M-T,SORRISO,MATO GROSSO,Brasil,POINT (-13.149 -55.474)
focos_ams_ontem_hoje_ref.190649ea-c54b-3b60-82c6-402c00f0b240,-62.388,-29.756,2021-06-29T17:30:00,AQUA_M-T,Rivadavia,Santiago del Estero,Argentina,POINT (-29.756 -62.388)
focos_ams_ontem_hoje_ref.0a4290b1-a225-3779-87c8-2977ea600499,-55.485,-13.15,2021-06-29T17:30:00,AQUA_M-T,SORRISO,MATO GROSSO,Brasil,POINT (-13.15 -55.485)
focos_ams_ontem_hoje_ref.37cff416-da0a-395d-b72c-4962ab3d40e6,-55.462,-13.157,2021-06-29T17:30:00,AQUA_M-T,SORRISO,MATO GROSSO,Brasil,POINT (-13.157 -55.462)
focos_ams_ontem_hoje_ref.67d7efc5-d937-3b1e-a3f3-edb6c09a34d3,-54.047,-11.498,2021-06-29T17:30:00,AQUA_M-T,UNIÃO DO SUL,MATO GROSSO,Brasil,POINT (-11.498 -54.047)
focos_ams_ontem_hoje_ref.92f271a9-c539-3a28-afc6-691460dc818d,-59.343,-19.74,2021-06-29T17:30:00,AQUA_M-T,Mayor Pablo Lagerenza,Alto Paraguay,Paraguay,POINT (-19.74 -59.343)
focos_ams_ontem_hoje_ref.d7b088ad-d181-3880-8f98-509ac6c6c724,-54.027,-11.5,2021-06-29T17:30:00,AQUA_M-T,UNIÃO DO SUL,MATO GROSSO,Brasil,POINT (-11.5 -54.027)
focos_ams_ontem_hoje_ref.d98600c0-f7be-3376-9bfe-6f2ccc1cefaf,-59.318,-19.747,2021-06-29T17:30:00,AQUA_M-T,Mayor Pablo Lagerenza,Alto Paraguay,Paraguay,POINT (-19.747 -59.318)
focos_ams_ontem_hoje_ref.46542522-da0b-3280-b013-c64ca1c378fc,-55.111,-11.743,2021-06-29T17:30:00,AQUA_M-T,SINOP,MATO GROSSO,Brasil,POINT (-11.743 -55.111)
focos_ams_ontem_hoje_ref.7ae86e57-dfd0-3592-a893-a4c577f4bf4a,-55.122,-11.745,2021-06-29T17:30:00,AQUA_M-T,SINOP,MATO GROSSO,Brasil,POINT (-11.745 -55.122)
focos_ams_ontem_hoje_ref.1de07b6d-e46b-3661-a182-e0dfcc913b77,-59.33,-19.748,2021-06-29T17:30:00,AQUA_M-T,Mayor Pablo Lagerenza,Alto Paraguay,Paraguay,POINT (-19.748 -59.33)
focos_ams_ontem_hoje_ref.7d03d36e-0301-3ce5-80d8-b0ba016b95ab,-54.669,-11.767,2021-06-29T17:30:00,AQUA_M-T,SANTA CARMEM,MATO GROSSO,Brasil,POINT (-11.767 -54.669)
focos_ams_ontem_hoje_ref.c7b18065-c839-3f90-bcb3-a5d33dc54df1,-63.081,-19.525,2021-06-29T17:30:00,AQUA_M-T,Cordillera,Santa Cruz,Bolivia,POINT (-19.525 -63.081)
focos_ams_ontem_hoje_ref.b5d29cc5-ce6c-3778-a137-7b21fef0ba4d,-54.681,-11.769,2021-06-29T17:30:00,AQUA_M-T,SANTA CARMEM,MATO GROSSO,Brasil,POINT (-11.769 -54.681)
focos_ams_ontem_hoje_ref.1ea20d51-2667-3ab7-aa25-73a33bd2b103,-60.719,-28.426,2021-06-29T17:30:00,AQUA_M-T,Vera,Santa Fe,Argentina,POINT (-28.426 -60.719)
focos_ams_ontem_hoje_ref.a5e94ad2-f29a-3526-8ef7-d19dd260c672,-54.676,-11.952,2021-06-29T17:30:00,AQUA_M-T,SANTA CARMEM,MATO GROSSO,Brasil,POINT (-11.952 -54.676)
focos_ams_ontem_hoje_ref.a776287a-5bf6-3a1a-a753-a30fa2114fae,-54.688,-11.954,2021-06-29T17:30:00,AQUA_M-T,SANTA CARMEM,MATO GROSSO,Brasil,POINT (-11.954 -54.688)
focos_ams_ontem_hoje_ref.c1993df2-eb28-311c-8db8-c8c3b24cf3ff,-60.714,-28.428,2021-06-29T17:30:00,AQUA_M-T,Vera,Santa Fe,Argentina,POINT (-28.428 -60.714)
focos_ams_ontem_hoje_ref.ec4e67d5-18fd-37ec-bbe7-894a42175852,-54.667,-11.96,2021-06-29T17:30:00,AQUA_M-T,SANTA CARMEM,MATO GROSSO,Brasil,POINT (-11.96 -54.667)
focos_ams_ontem_hoje_ref.c7f3ad7e-bc4b-3530-8cd1-192e6df66327,-62.381,-29.76,2021-06-29T17:30:00,AQUA_M-T,Rivadavia,Santiago del Estero,Argentina,POINT (-29.76 -62.381)
focos_ams_ontem_hoje_ref.03313b5c-1066-3de4-ae26-f0a2855f6d9c,-55.473,-13.158,2021-06-29T17:30:00,AQUA_M-T,SORRISO,MATO GROSSO,Brasil,POINT (-13.158 -55.473)
focos_ams_ontem_hoje_ref.71ed0a24-0b90-30cc-870a-923c228090eb,-61.716,-23.362,2021-06-29T17:30:00,AQUA_M-T,Bermejo,Formosa,Argentina,POINT (-23.362 -61.716)
focos_ams_ontem_hoje_ref.b663c577-9519-35b8-a376-d12ed0f58464,-57.877,-11.756,2021-06-29T17:30:00,AQUA_M-T,JUARA,MATO GROSSO,Brasil,POINT (-11.756 -57.877)
focos_ams_ontem_hoje_ref.b849089d-f453-320d-a7d3-a5fb88b76840,-63.471,-17.038,2021-06-29T17:30:00,AQUA_M-T,Sara,Santa Cruz,Bolivia,POINT (-17.038 -63.471)
focos_ams_ontem_hoje_ref.b7ce1325-1b55-3d47-b062-29a0c4f6dcb4,-55.461,-13.166,2021-06-29T17:30:00,AQUA_M-T,SORRISO,MATO GROSSO,Brasil,POINT (-13.166 -55.461)
focos_ams_ontem_hoje_ref.132732da-cfb4-3adb-82f6-320c31adc4cd,-57.934,-11.415,2021-06-29T17:30:00,AQUA_M-T,JUARA,MATO GROSSO,Brasil,POINT (-11.415 -57.934)
focos_ams_ontem_hoje_ref.26687689-6aae-3a84-9fad-14b80566333d,-57.925,-11.413,2021-06-29T17:30:00,AQUA_M-T,JUARA,MATO GROSSO,Brasil,POINT (-11.413 -57.925)
focos_ams_ontem_hoje_ref.7833882d-535c-38d2-a6d6-b28d37a039d7,-62.462,-29.932,2021-06-29T17:30:00,AQUA_M-T,Mitre,Santiago del Estero,Argentina,POINT (-29.932 -62.462)
focos_ams_ontem_hoje_ref.10371f75-3b36-3468-ae8b-98406f3d97d5,-55.471,-13.168,2021-06-29T17:30:00,AQUA_M-T,SORRISO,MATO GROSSO,Brasil,POINT (-13.168 -55.471)
focos_ams_ontem_hoje_ref.9da8df35-973f-3bf4-9d3e-69ab3b9e8052,-61.704,-23.357,2021-06-29T17:30:00,AQUA_M-T,Bermejo,Formosa,Argentina,POINT (-23.357 -61.704)
focos_ams_ontem_hoje_ref.f07a6419-d791-31a1-882b-343ee364ab65,-57.702,-11.344,2021-06-29T17:30:00,AQUA_M-T,JUARA,MATO GROSSO,Brasil,POINT (-11.344 -57.702)
focos_ams_ontem_hoje_ref.e1b3da2a-787e-3315-9bde-cb05408608a8,-55.482,-13.169,2021-06-29T17:30:00,AQUA_M-T,SORRISO,MATO GROSSO,Brasil,POINT (-13.169 -55.482)
focos_ams_ontem_hoje_ref.5725de38-a4ec-34c2-b118-fe9df36ae284,-62.224,-29.103,2021-06-29T17:30:00,AQUA_M-T,Belgrano,Santiago del Estero,Argentina,POINT (-29.103 -62.224)
focos_ams_ontem_hoje_ref.edb5bdeb-c8d4-3967-8289-a9c8778ffb62,-55.047,-12.377,2021-06-29T17:30:00,AQUA_M-T,FELIZ NATAL,MATO GROSSO,Brasil,POINT (-12.377 -55.047)
focos_ams_ontem_hoje_ref.ad6c22cc-2123-3a62-a84e-2f385d6050e7,-55.058,-12.379,2021-06-29T17:30:00,AQUA_M-T,FELIZ NATAL,MATO GROSSO,Brasil,POINT (-12.379 -55.058)
focos_ams_ontem_hoje_ref.e20387cf-436d-300d-94a0-b78e868ca8d0,-62.251,-29.105,2021-06-29T17:30:00,AQUA_M-T,Belgrano,Santiago del Estero,Argentina,POINT (-29.105 -62.251)
focos_ams_ontem_hoje_ref.df2c68a4-ecfa-3b67-b84a-908720d6c7c2,-55.182,-12.726,2021-06-29T17:30:00,AQUA_M-T,FELIZ NATAL,MATO GROSSO,Brasil,POINT (-12.726 -55.182)
focos_ams_ontem_hoje_ref.74afb0cf-d93a-3213-a07f-9194f78a792a,-57.693,-11.343,2021-06-29T17:30:00,AQUA_M-T,JUARA,MATO GROSSO,Brasil,POINT (-11.343 -57.693)
focos_ams_ontem_hoje_ref.c9953b16-8e0f-3e8c-a05a-94a89eb54c51,-55.139,-11.001,2021-06-29T17:30:00,AQUA_M-T,ITAÚBA,MATO GROSSO,Brasil,POINT (-11.001 -55.139)
focos_ams_ontem_hoje_ref.3b35c237-70c5-3611-9031-9c663d459406,-62.229,-29.112,2021-06-29T17:30:00,AQUA_M-T,Belgrano,Santiago del Estero,Argentina,POINT (-29.112 -62.229)
focos_ams_ontem_hoje_ref.806af6e3-9092-3b20-bad4-20455621cba6,-54.074,-11.021,2021-06-29T17:30:00,AQUA_M-T,MARCELÂNDIA,MATO GROSSO,Brasil,POINT (-11.021 -54.074)
focos_ams_ontem_hoje_ref.961e22f9-26b8-36c1-9257-7feae46d6798,-54.973,-11.178,2021-06-29T17:30:00,AQUA_M-T,CLÁUDIA,MATO GROSSO,Brasil,POINT (-11.178 -54.973)
focos_ams_ontem_hoje_ref.fd7aefb4-e37c-3188-aecf-d948ae548ad1,-60.952,-28.177,2021-06-29T17:30:00,AQUA_M-T,Nueve de Julio,Santa Fe,Argentina,POINT (-28.177 -60.952)
focos_ams_ontem_hoje_ref.bc9329ae-beec-3887-90d5-ef34853ab6e2,-54.017,-11.38,2021-06-29T17:30:00,AQUA_M-T,UNIÃO DO SUL,MATO GROSSO,Brasil,POINT (-11.38 -54.017)
focos_ams_ontem_hoje_ref.07714bbd-5ac0-3391-8fc2-b7f3e40360ac,-54.269,-11.419,2021-06-29T17:30:00,AQUA_M-T,UNIÃO DO SUL,MATO GROSSO,Brasil,POINT (-11.419 -54.269)
focos_ams_ontem_hoje_ref.64f2ea3a-bb52-3be6-9238-2307f558877e,-60.945,-28.179,2021-06-29T17:30:00,AQUA_M-T,Nueve de Julio,Santa Fe,Argentina,POINT (-28.179 -60.945)
focos_ams_ontem_hoje_ref.eb86cc3c-f4ab-399e-8972-16a83bcd5a91,-54.408,-11.452,2021-06-29T17:30:00,AQUA_M-T,UNIÃO DO SUL,MATO GROSSO,Brasil,POINT (-11.452 -54.408)
focos_ams_ontem_hoje_ref.f79d34bb-b280-3ae4-bad8-f1ac3b4d03ef,-64.954,-27.226,2021-06-29T17:30:00,AQUA_M-T,Leales,Tucumán,Argentina,POINT (-27.226 -64.954)
focos_ams_ontem_hoje_ref.7f2642ed-a1bd-355d-9a11-ec9e176f64d0,-54.415,-11.458,2021-06-29T17:30:00,AQUA_M-T,UNIÃO DO SUL,MATO GROSSO,Brasil,POINT (-11.458 -54.415)
focos_ams_ontem_hoje_ref.9834d441-8fba-37bc-bdfd-b957b4d5ac14,-61.14,-26.008,2021-06-29T17:30:00,AQUA_M-T,General Güemes,Chaco,Argentina,POINT (-26.008 -61.14)
focos_ams_ontem_hoje_ref.5631ff82-128c-3367-bf9d-b4c36a0b7bac,-54.295,-11.471,2021-06-29T17:30:00,AQUA_M-T,UNIÃO DO SUL,MATO GROSSO,Brasil,POINT (-11.471 -54.295)
focos_ams_ontem_hoje_ref.c566b26a-fb86-3d06-9978-7a2051996f93,-54.308,-11.473,2021-06-29T17:30:00,AQUA_M-T,UNIÃO DO SUL,MATO GROSSO,Brasil,POINT (-11.473 -54.308)
focos_ams_ontem_hoje_ref.a5841956-f504-3ec0-8972-3b964e1b6d46,-61.133,-26.011,2021-06-29T17:30:00,AQUA_M-T,General Güemes,Chaco,Argentina,POINT (-26.011 -61.133)
focos_ams_ontem_hoje_ref.e64502db-6409-3d71-b770-ced42851c008,-57.966,-24.557,2021-06-29T17:30:00,AQUA_M-T,Benjamín Aceval,Presidente Hayes,Paraguay,POINT (-24.557 -57.966)
focos_ams_ontem_hoje_ref.f9672941-5a7f-3011-9e24-c60c47960398,-50.579,-12.523,2021-06-29T17:30:00,AQUA_M-T,FORMOSO DO ARAGUAIA,TOCANTINS,Brasil,POINT (-12.523 -50.579)
focos_ams_ontem_hoje_ref.104ef48d-f130-354c-aac2-15fc901a1577,-57.667,-22.411,2021-06-29T17:30:00,AQUA_M-T,Concepción,Concepción,Paraguay,POINT (-22.411 -57.667)
focos_ams_ontem_hoje_ref.47f1495a-cd1f-3248-ac07-7fdb128e0418,-50.198,-13.517,2021-06-29T17:30:00,AQUA_M-T,SÃO MIGUEL DO ARAGUAIA,GOIÁS,Brasil,POINT (-13.517 -50.198)
focos_ams_ontem_hoje_ref.c3efed1a-a2f1-3db6-8760-a840d03d2663,-61.33,-21.254,2021-06-29T17:30:00,AQUA_M-T,General Eugenio A. Garay,Boquerón,Paraguay,POINT (-21.254 -61.33)
focos_ams_ontem_hoje_ref.7a005c05-b682-3642-887e-c66d1dc9293e,-50.201,-13.527,2021-06-29T17:30:00,AQUA_M-T,SÃO MIGUEL DO ARAGUAIA,GOIÁS,Brasil,POINT (-13.527 -50.201)
focos_ams_ontem_hoje_ref.65e46eb3-a9dc-3587-bacf-396de45e8c47,-57.678,-22.413,2021-06-29T17:30:00,AQUA_M-T,Concepción,Concepción,Paraguay,POINT (-22.413 -57.678)
focos_ams_ontem_hoje_ref.9b92d743-1701-3b24-8f18-db65193567dc,-50.484,-11.617,2021-06-29T17:30:00,AQUA_M-T,FORMOSO DO ARAGUAIA,TOCANTINS,Brasil,POINT (-11.617 -50.484)
focos_ams_ontem_hoje_ref.e07e374f-95f8-3629-a0a9-cf0cab3d9d91,-50.476,-11.621,2021-06-29T17:30:00,AQUA_M-T,FORMOSO DO ARAGUAIA,TOCANTINS,Brasil,POINT (-11.621 -50.476)
focos_ams_ontem_hoje_ref.2cfdd102-d8fd-3d52-9adb-e1e0f036af82,-57.129,-22.466,2021-06-29T17:30:00,AQUA_M-T,Concepción,Concepción,Paraguay,POINT (-22.466 -57.129)
focos_ams_ontem_hoje_ref.6c4b8e5f-7385-33ee-a99a-643a2470f112,-50.501,-11.626,2021-06-29T17:30:00,AQUA_M-T,FORMOSO DO ARAGUAIA,TOCANTINS,Brasil,POINT (-11.626 -50.501)
focos_ams_ontem_hoje_ref.72d33025-6671-3d44-beaf-78c5f5446485,-61.346,-21.256,2021-06-29T17:30:00,AQUA_M-T,General Eugenio A. Garay,Boquerón,Paraguay,POINT (-21.256 -61.346)
focos_ams_ontem_hoje_ref.5f2793b5-aa0b-3be4-83e2-ca8265c08756,-50.482,-11.631,2021-06-29T17:30:00,AQUA_M-T,FORMOSO DO ARAGUAIA,TOCANTINS,Brasil,POINT (-11.631 -50.482)
focos_ams_ontem_hoje_ref.1bc00d07-5a54-3356-9fd3-240c4ed8a162,-50.319,-11.97,2021-06-29T17:30:00,AQUA_M-T,FORMOSO DO ARAGUAIA,TOCANTINS,Brasil,POINT (-11.97 -50.319)
focos_ams_ontem_hoje_ref.f1db39b6-d315-30db-943b-426bca099ba2,-55.116,-23.14,2021-06-29T17:30:00,AQUA_M-T,AMAMBAI,MATO GROSSO DO SUL,Brasil,POINT (-23.14 -55.116)
focos_ams_ontem_hoje_ref.445a2006-f35d-3228-ba13-9eef6846f305,-57.138,-22.477,2021-06-29T17:30:00,AQUA_M-T,Concepción,Concepción,Paraguay,POINT (-22.477 -57.138)
focos_ams_ontem_hoje_ref.a1e84f9b-ff02-30d9-995e-40a12d3a1df2,-50.31,-11.974,2021-06-29T17:30:00,AQUA_M-T,FORMOSO DO ARAGUAIA,TOCANTINS,Brasil,POINT (-11.974 -50.31)
focos_ams_ontem_hoje_ref.7cf9c822-81b2-331c-9972-827b787cce41,-65.508,-19.647,2021-06-29T17:30:00,AQUA_M-T,Cornelio Saavedra,Potosí,Bolivia,POINT (-19.647 -65.508)
focos_ams_ontem_hoje_ref.f3d33899-635e-32fe-b17a-9e62a4827e50,-61.428,-21.799,2021-06-29T17:30:00,AQUA_M-T,General Eugenio A. Garay,Boquerón,Paraguay,POINT (-21.799 -61.428)
focos_ams_ontem_hoje_ref.1a2b6eaf-f339-31a7-b335-4066cac3731a,-50.335,-11.979,2021-06-29T17:30:00,AQUA_M-T,FORMOSO DO ARAGUAIA,TOCANTINS,Brasil,POINT (-11.979 -50.335)
focos_ams_ontem_hoje_ref.f5c7dc5a-c728-35fd-be4d-7e4c0ef614c4,-56.981,-22.519,2021-06-29T17:30:00,AQUA_M-T,Concepción,Concepción,Paraguay,POINT (-22.519 -56.981)
focos_ams_ontem_hoje_ref.d4597661-fc93-38c9-8f4c-686289caba69,-50.316,-11.985,2021-06-29T17:30:00,AQUA_M-T,FORMOSO DO ARAGUAIA,TOCANTINS,Brasil,POINT (-11.985 -50.316)
focos_ams_ontem_hoje_ref.f25e5fb3-abeb-3cc7-80a2-ccb3ddc673c0,-50.308,-11.988,2021-06-29T17:30:00,AQUA_M-T,FORMOSO DO ARAGUAIA,TOCANTINS,Brasil,POINT (-11.988 -50.308)
focos_ams_ontem_hoje_ref.65512c82-16be-3277-b080-bb7cc0461c35,-56.991,-22.52,2021-06-29T17:30:00,AQUA_M-T,Concepción,Concepción,Paraguay,POINT (-22.52 -56.991)
focos_ams_ontem_hoje_ref.8be283d2-819c-359d-90d1-23c652d7d140,-50.341,-11.989,2021-06-29T17:30:00,AQUA_M-T,FORMOSO DO ARAGUAIA,TOCANTINS,Brasil,POINT (-11.989 -50.341)
focos_ams_ontem_hoje_ref.0f3a7c76-bf59-38ea-a0e5-2131d2559777,-61.41,-21.809,2021-06-29T17:30:00,AQUA_M-T,General Eugenio A. Garay,Boquerón,Paraguay,POINT (-21.809 -61.41)
focos_ams_ontem_hoje_ref.beea88df-9989-3d89-97ab-20a95ceeb0fc,-50.333,-11.993,2021-06-29T17:30:00,AQUA_M-T,FORMOSO DO ARAGUAIA,TOCANTINS,Brasil,POINT (-11.993 -50.333)
focos_ams_ontem_hoje_ref.f719f641-480c-3484-a072-26b5ad6dea16,-56.872,-22.56,2021-06-29T17:30:00,AQUA_M-T,Concepción,Concepción,Paraguay,POINT (-22.56 -56.872)
focos_ams_ontem_hoje_ref.dffbeda8-55db-359c-881f-46ce728f6a62,-49.369,-10.557,2021-06-29T17:30:00,AQUA_M-T,CRISTALÂNDIA,TOCANTINS,Brasil,POINT (-10.557 -49.369)
focos_ams_ontem_hoje_ref.5dd662e5-3736-344e-83f6-7f331386de00,-57.011,-22.706,2021-06-29T17:30:00,AQUA_M-T,Concepción,Concepción,Paraguay,POINT (-22.706 -57.011)
focos_ams_ontem_hoje_ref.ff70be2c-11ea-3c6f-9bf9-7469f7b9ea3f,-50.466,-10.622,2021-06-29T17:30:00,AQUA_M-T,PIUM,TOCANTINS,Brasil,POINT (-10.622 -50.466)
focos_ams_ontem_hoje_ref.ccf876ae-9905-37d8-b397-47f57533119d,-61.425,-21.823,2021-06-29T17:30:00,AQUA_M-T,General Eugenio A. Garay,Boquerón,Paraguay,POINT (-21.823 -61.425)
focos_ams_ontem_hoje_ref.9c0b8205-b592-3201-96c5-b7d0263116d2,-50.471,-10.622,2021-06-29T17:30:00,AQUA_M-T,PIUM,TOCANTINS,Brasil,POINT (-10.622 -50.471)
focos_ams_ontem_hoje_ref.e189e69f-fda3-3304-9fad-5458dd8bf437,-57.044,-22.85,2021-06-29T17:30:00,AQUA_M-T,Concepción,Concepción,Paraguay,POINT (-22.85 -57.044)
focos_ams_ontem_hoje_ref.5d5cbc90-bac4-3027-89ac-6f9e8b34a31f,-50.497,-10.626,2021-06-29T17:30:00,AQUA_M-T,PIUM,TOCANTINS,Brasil,POINT (-10.626 -50.497)
focos_ams_ontem_hoje_ref.c137e421-d04d-31ca-b8f9-637b8c3443ee,-62.67,-17.687,2021-06-29T17:30:00,AQUA_M-T,Chiquitos,Santa Cruz,Bolivia,POINT (-17.687 -62.67)
focos_ams_ontem_hoje_ref.fc9ae431-230a-3892-8e98-00851772490d,-57.849,-20.993,2021-06-29T17:30:00,AQUA_M-T,Fuerte Olimpo,Alto Paraguay,Paraguay,POINT (-20.993 -57.849)
focos_ams_ontem_hoje_ref.2565d5aa-ccc4-3b97-83da-0f568be15df0,-59.025,-18.316,2021-06-29T17:30:00,AQUA_M-T,Chiquitos,Santa Cruz,Bolivia,POINT (-18.316 -59.025)
focos_ams_ontem_hoje_ref.ae1a1345-9d9a-30ca-bf47-1262cf1873e8,-62.733,-28.197,2021-06-29T17:30:00,AQUA_M-T,Juan Felipe Ibarra,Santiago del Estero,Argentina,POINT (-28.197 -62.733)
focos_ams_ontem_hoje_ref.cd379bfd-c4d1-3042-9142-d2b01f05656f,-60.462,-23.171,2021-06-29T17:30:00,AQUA_M-T,Doctor Pedro P. Peña,Boquerón,Paraguay,POINT (-23.171 -60.462)
focos_ams_ontem_hoje_ref.c30624ad-17d0-3f8b-a340-d6b9bdb5d4de,-59.776,-25.495,2021-06-29T17:30:00,AQUA_M-T,Patiño,Formosa,Argentina,POINT (-25.495 -59.776)
focos_ams_ontem_hoje_ref.559109a3-e8cd-3f4b-99f0-53fba22a9b1d,-56.504,-28.123,2021-06-29T17:30:00,AQUA_M-T,Santo Tomé,Corrientes,Argentina,POINT (-28.123 -56.504)
focos_ams_ontem_hoje_ref.9333cbd0-7b20-367f-aa91-986537bcaec2,-62.801,-19.611,2021-06-29T17:30:00,AQUA_M-T,Cordillera,Santa Cruz,Bolivia,POINT (-19.611 -62.801)
focos_ams_ontem_hoje_ref.15bdeb05-9e04-3e8e-90a7-5e0864bb564e,-54.791,-16.113,2021-06-29T17:30:00,AQUA_M-T,JUSCIMEIRA,MATO GROSSO,Brasil,POINT (-16.113 -54.791)
focos_ams_ontem_hoje_ref.95035910-8444-36c6-b80a-0a088552ca4c,-51.13,-11.373,2021-06-29T17:30:00,AQUA_M-T,SÃO FÉLIX DO ARAGUAIA,MATO GROSSO,Brasil,POINT (-11.373 -51.13)
focos_ams_ontem_hoje_ref.76532a51-a313-365f-bbaf-7a2a6c909d72,-51.144,-11.385,2021-06-29T17:30:00,AQUA_M-T,SÃO FÉLIX DO ARAGUAIA,MATO GROSSO,Brasil,POINT (-11.385 -51.144)
focos_ams_ontem_hoje_ref.d0e63fb8-96be-3990-b8b1-0af91a051104,-58.019,-21.951,2021-06-29T17:30:00,AQUA_M-T,La Victoria,Alto Paraguay,Paraguay,POINT (-21.951 -58.019)
focos_ams_ontem_hoje_ref.5ea3639f-a1cd-3dc5-821e-49628a9bc216,-57.139,-22.467,2021-06-29T17:30:00,AQUA_M-T,Concepción,Concepción,Paraguay,POINT (-22.467 -57.139)
focos_ams_ontem_hoje_ref.5126489a-0ef0-317b-b331-79cd41a61c04,-59.894,-20.652,2021-06-29T17:30:00,AQUA_M-T,Mayor Pablo Lagerenza,Alto Paraguay,Paraguay,POINT (-20.652 -59.894)
focos_ams_ontem_hoje_ref.d0e7f451-f4ad-3fcb-a19a-7a341e745d26,-62.823,-24.839,2021-06-29T17:30:00,AQUA_M-T,Rivadavia,Salta,Argentina,POINT (-24.839 -62.823)
focos_ams_ontem_hoje_ref.45e7f502-642f-348a-9b2e-5dcbbc110d8f,-59.892,-20.663,2021-06-29T17:30:00,AQUA_M-T,General Eugenio A. Garay,Boquerón,Paraguay,POINT (-20.663 -59.892)
focos_ams_ontem_hoje_ref.bc270cbb-a1d6-337c-857b-c54c70bbc826,-59.621,-20.72,2021-06-29T17:30:00,AQUA_M-T,Mayor Pablo Lagerenza,Alto Paraguay,Paraguay,POINT (-20.72 -59.621)
focos_ams_ontem_hoje_ref.468a353c-8996-36c0-bda1-00202e90c14d,-59.633,-20.722,2021-06-29T17:30:00,AQUA_M-T,Mayor Pablo Lagerenza,Alto Paraguay,Paraguay,POINT (-20.722 -59.633)
focos_ams_ontem_hoje_ref.6ac26d94-3c2f-3b52-a9ce-fefa5fcd472c,-59.259,-20.827,2021-06-29T17:30:00,AQUA_M-T,Fuerte Olimpo,Alto Paraguay,Paraguay,POINT (-20.827 -59.259)
focos_ams_ontem_hoje_ref.5ba5d152-8f73-3137-bd5a-e006ece22c15,-61.512,-23.063,2021-06-29T17:30:00,AQUA_M-T,Doctor Pedro P. Peña,Boquerón,Paraguay,POINT (-23.063 -61.512)
focos_ams_ontem_hoje_ref.f38e84e6-4446-3a45-8eb6-081d5ea47b74,-59.271,-20.828,2021-06-29T17:30:00,AQUA_M-T,Fuerte Olimpo,Alto Paraguay,Paraguay,POINT (-20.828 -59.271)
focos_ams_ontem_hoje_ref.627e382b-00ff-3dae-8f1d-48e66f152886,-60.456,-20.457,2021-06-29T17:30:00,AQUA_M-T,Mayor Pablo Lagerenza,Alto Paraguay,Paraguay,POINT (-20.457 -60.456)
focos_ams_ontem_hoje_ref.afede462-1e9c-38bf-bdfa-d2b8fe10bd70,-60.499,-20.51,2021-06-29T17:30:00,AQUA_M-T,General Eugenio A. Garay,Boquerón,Paraguay,POINT (-20.51 -60.499)
focos_ams_ontem_hoje_ref.044a70a4-bf11-3eab-9495-cc87931b5084,-60.513,-20.512,2021-06-29T17:30:00,AQUA_M-T,General Eugenio A. Garay,Boquerón,Paraguay,POINT (-20.512 -60.513)
focos_ams_ontem_hoje_ref.945f2e18-064e-33af-9d73-48ec56dcf4e0,-61.506,-23.067,2021-06-29T17:30:00,AQUA_M-T,Doctor Pedro P. Peña,Boquerón,Paraguay,POINT (-23.067 -61.506)
focos_ams_ontem_hoje_ref.8820720b-2ba3-3b58-a6b7-6418e9b086cb,-59.01,-18.487,2021-06-29T17:30:00,AQUA_M-T,Chiquitos,Santa Cruz,Bolivia,POINT (-18.487 -59.01)
focos_ams_ontem_hoje_ref.7bf9293e-3812-3d04-a5bc-c54c30f505e6,-58.977,-18.493,2021-06-29T17:30:00,AQUA_M-T,Chiquitos,Santa Cruz,Bolivia,POINT (-18.493 -58.977)
focos_ams_ontem_hoje_ref.84b3bcca-e83e-3d88-9589-b193d2deca59,-58.975,-18.502,2021-06-29T17:30:00,AQUA_M-T,Chiquitos,Santa Cruz,Bolivia,POINT (-18.502 -58.975)
focos_ams_ontem_hoje_ref.db6c12ef-b0fd-37a3-b9f9-76557214660b,-61.525,-23.069,2021-06-29T17:30:00,AQUA_M-T,Doctor Pedro P. Peña,Boquerón,Paraguay,POINT (-23.069 -61.525)
focos_ams_ontem_hoje_ref.0ddfdc46-997c-381e-ac30-6b9c4e57b982,-58.986,-18.504,2021-06-29T17:30:00,AQUA_M-T,Chiquitos,Santa Cruz,Bolivia,POINT (-18.504 -58.986)
focos_ams_ontem_hoje_ref.622f8f78-3ec6-305e-a0fc-af72f78181ff,-57.598,-12.47,2021-06-29T17:30:00,AQUA_M-T,BRASNORTE,MATO GROSSO,Brasil,POINT (-12.47 -57.598)
focos_ams_ontem_hoje_ref.9556219f-1436-3a89-8865-960a37a26ceb,-57.314,-12.668,2021-06-29T17:30:00,AQUA_M-T,NOVA MARINGÁ,MATO GROSSO,Brasil,POINT (-12.668 -57.314)
focos_ams_ontem_hoje_ref.107886e4-8d22-3935-984b-0032596a5314,-57.324,-12.669,2021-06-29T17:30:00,AQUA_M-T,NOVA MARINGÁ,MATO GROSSO,Brasil,POINT (-12.669 -57.324)
focos_ams_ontem_hoje_ref.da5162c6-d815-3148-b4fb-2c078344aae3,-61.511,-23.075,2021-06-29T17:30:00,AQUA_M-T,Doctor Pedro P. Peña,Boquerón,Paraguay,POINT (-23.075 -61.511)
focos_ams_ontem_hoje_ref.56f5fbe3-9649-350a-be02-efa40b69f8a9,-57.361,-12.674,2021-06-29T17:30:00,AQUA_M-T,NOVA MARINGÁ,MATO GROSSO,Brasil,POINT (-12.674 -57.361)
focos_ams_ontem_hoje_ref.e7aab0fe-7f81-3aaf-98bb-4605f093d11c,-57.37,-12.676,2021-06-29T17:30:00,AQUA_M-T,NOVA MARINGÁ,MATO GROSSO,Brasil,POINT (-12.676 -57.37)
focos_ams_ontem_hoje_ref.82a6e552-16c5-3ea6-844a-b62cfd41a843,-61.333,-21.231,2021-06-29T17:30:00,AQUA_M-T,General Eugenio A. Garay,Boquerón,Paraguay,POINT (-21.231 -61.333)
focos_ams_ontem_hoje_ref.812d6acf-d1d9-3fe2-9111-512fdce9bbc5,-61.349,-21.233,2021-06-29T17:30:00,AQUA_M-T,General Eugenio A. Garay,Boquerón,Paraguay,POINT (-21.233 -61.349)
focos_ams_ontem_hoje_ref.68001b8b-7744-3ced-9405-74d695db080d,-50.188,-14.981,2021-06-29T17:30:00,AQUA_M-T,CRIXÁS,GOIÁS,Brasil,POINT (-14.981 -50.188)
focos_ams_ontem_hoje_ref.4e4fbb18-70d4-33d5-a940-8b2304ee6fa2,-50.182,-14.987,2021-06-29T17:30:00,AQUA_M-T,CRIXÁS,GOIÁS,Brasil,POINT (-14.987 -50.182)
focos_ams_ontem_hoje_ref.0bfd4fe1-dacc-3129-a214-00db917b168a,-58.629,-28.237,2021-06-29T17:30:00,AQUA_M-T,Saladas,Corrientes,Argentina,POINT (-28.237 -58.629)
focos_ams_ontem_hoje_ref.d50a1885-eb82-33fb-9e4c-2bb14b46536b,-50.332,-12.418,2021-06-29T17:30:00,AQUA_M-T,FORMOSO DO ARAGUAIA,TOCANTINS,Brasil,POINT (-12.418 -50.332)
focos_ams_ontem_hoje_ref.5ca5a624-9ef1-374f-8270-899496859e3c,-50.326,-12.421,2021-06-29T17:30:00,AQUA_M-T,FORMOSO DO ARAGUAIA,TOCANTINS,Brasil,POINT (-12.421 -50.326)
focos_ams_ontem_hoje_ref.87fab659-676b-383a-97f4-7843f448ff0c,-61.337,-21.235,2021-06-29T17:30:00,AQUA_M-T,General Eugenio A. Garay,Boquerón,Paraguay,POINT (-21.235 -61.337)
focos_ams_ontem_hoje_ref.8303476e-c1bb-3df1-a209-e6cc1b769626,-57.371,-25.854,2021-06-29T17:30:00,AQUA_M-T,San Roque González de Santa Cruz,Paraguarí,Paraguay,POINT (-25.854 -57.371)
focos_ams_ontem_hoje_ref.067ebe3d-6713-3196-9897-9e62ad05ceab,-50.351,-12.425,2021-06-29T17:30:00,AQUA_M-T,FORMOSO DO ARAGUAIA,TOCANTINS,Brasil,POINT (-12.425 -50.351)
focos_ams_ontem_hoje_ref.67aa22e6-9d67-3c7c-b491-920a4699834a,-50.329,-12.432,2021-06-29T17:30:00,AQUA_M-T,FORMOSO DO ARAGUAIA,TOCANTINS,Brasil,POINT (-12.432 -50.329)
focos_ams_ontem_hoje_ref.2a388374-d88a-3e33-96ce-da6ef96fd532,-58.028,-23.875,2021-06-29T17:30:00,AQUA_M-T,Pozo Colorado,Presidente Hayes,Paraguay,POINT (-23.875 -58.028)
focos_ams_ontem_hoje_ref.ca0a350e-0467-3bc7-910c-74616360b2b8,-50.397,-12.448,2021-06-29T17:30:00,AQUA_M-T,FORMOSO DO ARAGUAIA,TOCANTINS,Brasil,POINT (-12.448 -50.397)
focos_ams_ontem_hoje_ref.8016518b-afc7-3b17-bf37-433586551026,-50.421,-12.452,2021-06-29T17:30:00,AQUA_M-T,FORMOSO DO ARAGUAIA,TOCANTINS,Brasil,POINT (-12.452 -50.421)
focos_ams_ontem_hoje_ref.79ed2344-ac58-3c66-a50a-417cd805cf22,-61.331,-21.243,2021-06-29T17:30:00,AQUA_M-T,General Eugenio A. Garay,Boquerón,Paraguay,POINT (-21.243 -61.331)
focos_ams_ontem_hoje_ref.76cbe667-05d0-394e-b06b-27f44e0601ed,-57.494,-24.062,2021-06-29T17:30:00,AQUA_M-T,Villa Hayes,Presidente Hayes,Paraguay,POINT (-24.062 -57.494)
focos_ams_ontem_hoje_ref.4e8cf4ff-92dd-34bd-be6d-fcc0ace812bc,-50.399,-12.459,2021-06-29T17:30:00,AQUA_M-T,FORMOSO DO ARAGUAIA,TOCANTINS,Brasil,POINT (-12.459 -50.399)
focos_ams_ontem_hoje_ref.7819fb77-90c8-3d57-9f64-ecdaa513eccc,-50.394,-12.462,2021-06-29T17:30:00,AQUA_M-T,FORMOSO DO ARAGUAIA,TOCANTINS,Brasil,POINT (-12.462 -50.394)
focos_ams_ontem_hoje_ref.212fdf2e-72b2-3d59-9a93-241f34a70b6f,-57.505,-24.063,2021-06-29T17:30:00,AQUA_M-T,Villa Hayes,Presidente Hayes,Paraguay,POINT (-24.063 -57.505)
focos_ams_ontem_hoje_ref.62974e54-44e6-3f48-98f2-e0ac305c0e48,-50.424,-12.463,2021-06-29T17:30:00,AQUA_M-T,FORMOSO DO ARAGUAIA,TOCANTINS,Brasil,POINT (-12.463 -50.424)
focos_ams_ontem_hoje_ref.5f4073fc-da75-3c45-a3ad-3a128d5b3d9f,-50.418,-12.466,2021-06-29T17:30:00,AQUA_M-T,FORMOSO DO ARAGUAIA,TOCANTINS,Brasil,POINT (-12.466 -50.418)
focos_ams_ontem_hoje_ref.5f10c9b9-87e1-3890-bb7f-7371332e8599,-61.348,-21.245,2021-06-29T17:30:00,AQUA_M-T,General Eugenio A. Garay,Boquerón,Paraguay,POINT (-21.245 -61.348)
focos_ams_ontem_hoje_ref.c3595d51-56a3-3d51-b4a7-100d0085ea41,-57.493,-24.071,2021-06-29T17:30:00,AQUA_M-T,Villa Hayes,Presidente Hayes,Paraguay,POINT (-24.071 -57.493)
focos_ams_ontem_hoje_ref.480dca30-0ec6-32e8-9fff-d634bec1be93,-50.584,-12.496,2021-06-29T17:30:00,AQUA_M-T,FORMOSO DO ARAGUAIA,TOCANTINS,Brasil,POINT (-12.496 -50.584)
focos_ams_ontem_hoje_ref.a065b68d-8434-3704-80ea-0aaffa37adaa,-50.587,-12.505,2021-06-29T17:30:00,AQUA_M-T,FORMOSO DO ARAGUAIA,TOCANTINS,Brasil,POINT (-12.505 -50.587)
focos_ams_ontem_hoje_ref.58ffe61f-f777-3dd7-8988-baf1e09f3ab4,-59.429,-33.711,2021-06-29T17:25:00,AQUA_M-T,Gualeguay,Entre Ríos,Argentina,POINT (-33.711 -59.429)
focos_ams_ontem_hoje_ref.4bfa1fe5-7a5e-324b-b8a2-159438077cd0,-59.122,-38.586,2021-06-29T17:25:00,AQUA_M-T,Necochea,Buenos Aires,Argentina,POINT (-38.586 -59.122)
focos_ams_ontem_hoje_ref.fec041fa-d725-3e50-b390-7a7c5ebd509d,-59.117,-38.586,2021-06-29T17:25:00,AQUA_M-T,Necochea,Buenos Aires,Argentina,POINT (-38.586 -59.117)
focos_ams_ontem_hoje_ref.5e7da1a8-5b85-3aa8-93b4-3eac56a6523b,-60.131,-33.168,2021-06-29T17:25:00,AQUA_M-T,Victoria,Entre Ríos,Argentina,POINT (-33.168 -60.131)
focos_ams_ontem_hoje_ref.006f40bf-0624-3a7e-975b-bdec42e70d40,-62.146,-31.975,2021-06-29T17:25:00,AQUA_M-T,San Martín,Santa Fe,Argentina,POINT (-31.975 -62.146)
focos_ams_ontem_hoje_ref.3b6fe614-7766-3959-8260-88984eace382,-60.138,-33.167,2021-06-29T17:25:00,AQUA_M-T,Victoria,Entre Ríos,Argentina,POINT (-33.167 -60.138)
focos_ams_ontem_hoje_ref.d2617406-14c2-3b41-b555-108566bf6a6f,-60.116,-33.165,2021-06-29T17:25:00,AQUA_M-T,Victoria,Entre Ríos,Argentina,POINT (-33.165 -60.116)
focos_ams_ontem_hoje_ref.725425a3-99dc-3ed3-9b7c-b833b87d729a,-43.222,-7.375,2021-06-29T15:55:00,AQUA_M-T,ITAUEIRA,PIAUÍ,Brasil,POINT (-7.375 -43.222)
focos_ams_ontem_hoje_ref.b012774f-7a9d-3b91-be6a-e10b29060a92,-43.4,-5.065,2021-06-29T15:55:00,AQUA_M-T,CAXIAS,MARANHÃO,Brasil,POINT (-5.065 -43.4)
focos_ams_ontem_hoje_ref.efcb414b-e2f2-33f5-aefe-e2688ffc3504,-43.4,-7.29,2021-06-29T15:55:00,AQUA_M-T,CANAVIEIRA,PIAUÍ,Brasil,POINT (-7.29 -43.4)
focos_ams_ontem_hoje_ref.d6f4fe47-69a8-36ef-8585-61c288c025cb,-43.376,-5.05,2021-06-29T15:55:00,AQUA_M-T,CAXIAS,MARANHÃO,Brasil,POINT (-5.05 -43.376)
focos_ams_ontem_hoje_ref.5c78f5a4-6275-3ce5-8ee4-3aaffee522cf,-43.35,-7.06,2021-06-29T15:55:00,AQUA_M-T,JERUMENHA,PIAUÍ,Brasil,POINT (-7.06 -43.35)
focos_ams_ontem_hoje_ref.f8ec0a45-167e-37d4-84ef-813514f2b025,-43.874,-4.572,2021-06-29T15:55:00,AQUA_M-T,CODÓ,MARANHÃO,Brasil,POINT (-4.572 -43.874)
focos_ams_ontem_hoje_ref.02895045-c340-3176-aae5-7d9c37063a40,-37.976,-7.362,2021-06-29T15:55:00,AQUA_M-T,SANTANA DOS GARROTES,PARAÍBA,Brasil,POINT (-7.362 -37.976)
focos_ams_ontem_hoje_ref.048ea503-8446-33ee-b929-3e3072cc493b,-42.378,-3.005,2021-06-29T15:55:00,AQUA_M-T,TUTÓIA,MARANHÃO,Brasil,POINT (-3.005 -42.378)
focos_ams_ontem_hoje_ref.9ba54c27-bf7f-304c-a209-ffc22636fae9,-42.679,-3.165,2021-06-29T15:55:00,AQUA_M-T,TUTÓIA,MARANHÃO,Brasil,POINT (-3.165 -42.679)
focos_ams_ontem_hoje_ref.cd73a2f9-054c-3e94-9c69-2125d0187eb4,-42.185,-3.176,2021-06-29T15:55:00,AQUA_M-T,ARAIOSES,MARANHÃO,Brasil,POINT (-3.176 -42.185)
focos_ams_ontem_hoje_ref.c9455c7b-c115-39a3-abd1-3278de86bfdb,-43.346,-7.054,2021-06-29T15:55:00,AQUA_M-T,JERUMENHA,PIAUÍ,Brasil,POINT (-7.054 -43.346)
focos_ams_ontem_hoje_ref.fa33ce81-b871-38dc-a373-f4f1d14d930b,-43.131,-6.893,2021-06-29T15:55:00,AQUA_M-T,FLORIANO,PIAUÍ,Brasil,POINT (-6.893 -43.131)
focos_ams_ontem_hoje_ref.fd36dee8-7fec-3631-b512-4cc03c3eb9f9,-43.716,-6.317,2021-06-29T15:55:00,AQUA_M-T,SÃO JOÃO DOS PATOS,MARANHÃO,Brasil,POINT (-6.317 -43.716)
focos_ams_ontem_hoje_ref.e028b065-3dd4-33a3-9404-d06117ad693d,-42.707,-3.14,2021-06-29T15:55:00,AQUA_M-T,SANTANA DO MARANHÃO,MARANHÃO,Brasil,POINT (-3.14 -42.707)
focos_ams_ontem_hoje_ref.c9d570ff-aae8-30f7-a557-7d58ce088cfa,-43.398,-7.306,2021-06-29T15:55:00,AQUA_M-T,CANAVIEIRA,PIAUÍ,Brasil,POINT (-7.306 -43.398)
focos_ams_ontem_hoje_ref.b1468be2-d937-3f1f-9f5b-afb091667840,-42.131,-6.994,2021-06-29T15:55:00,AQUA_M-T,OEIRAS,PIAUÍ,Brasil,POINT (-6.994 -42.131)
focos_ams_ontem_hoje_ref.bd1e4c6b-09cf-3e6a-879d-bf7db714e7d9,-43.906,-4.576,2021-06-29T15:55:00,AQUA_M-T,CODÓ,MARANHÃO,Brasil,POINT (-4.576 -43.906)
focos_ams_ontem_hoje_ref.fd667d44-c26a-3f72-9a73-1b4c501d4cab,-42.386,-2.998,2021-06-29T15:55:00,AQUA_M-T,TUTÓIA,MARANHÃO,Brasil,POINT (-2.998 -42.386)
focos_ams_ontem_hoje_ref.c4da9d10-1e10-33b5-a2f4-25f90c6cd01e,-45.038,-7.386,2021-06-29T15:55:00,AQUA_M-T,SÃO FÉLIX DE BALSAS,MARANHÃO,Brasil,POINT (-7.386 -45.038)
focos_ams_ontem_hoje_ref.c8e451ac-2d0f-3f69-a447-73ba2205a257,-42.669,-3.101,2021-06-29T15:55:00,AQUA_M-T,TUTÓIA,MARANHÃO,Brasil,POINT (-3.101 -42.669)
focos_ams_ontem_hoje_ref.f9bc6bcc-3d28-31fc-af86-071f6196599d,-43.301,-4.417,2021-06-29T15:55:00,AQUA_M-T,ALDEIAS ALTAS,MARANHÃO,Brasil,POINT (-4.417 -43.301)
focos_ams_ontem_hoje_ref.f68f6c6c-5f72-331d-9164-aada1dbfb6bb,-45.03,-7.385,2021-06-29T15:55:00,AQUA_M-T,SÃO FÉLIX DE BALSAS,MARANHÃO,Brasil,POINT (-7.385 -45.03)
focos_ams_ontem_hoje_ref.ff4c4339-110f-3eef-8c9a-0bf17787df30,-44.062,-5.587,2021-06-29T15:55:00,AQUA_M-T,GOVERNADOR LUIZ ROCHA,MARANHÃO,Brasil,POINT (-5.587 -44.062)
focos_ams_ontem_hoje_ref.4fde068e-0f84-3bec-ae44-47082f755a08,-42.384,-3.012,2021-06-29T15:55:00,AQUA_M-T,TUTÓIA,MARANHÃO,Brasil,POINT (-3.012 -42.384)
focos_ams_ontem_hoje_ref.fd7488f3-fec9-3676-94b3-91e857f0cb63,-42.401,-3.008,2021-06-29T15:55:00,AQUA_M-T,TUTÓIA,MARANHÃO,Brasil,POINT (-3.008 -42.401)
focos_ams_ontem_hoje_ref.b628f8c8-efec-386b-b7eb-3589d4bbb8ed,-44.071,-5.58,2021-06-29T15:55:00,AQUA_M-T,GOVERNADOR LUIZ ROCHA,MARANHÃO,Brasil,POINT (-5.58 -44.071)
focos_ams_ontem_hoje_ref.215a32b6-b9a8-35d9-81d1-f58af808d294,-43.261,-7.166,2021-06-29T15:55:00,AQUA_M-T,FLORIANO,PIAUÍ,Brasil,POINT (-7.166 -43.261)
focos_ams_ontem_hoje_ref.dcf10d3d-e9b2-381c-a555-917489667246,-37.811,-7.002,2021-06-29T15:55:00,AQUA_M-T,CAJAZEIRINHAS,PARAÍBA,Brasil,POINT (-7.002 -37.811)
focos_ams_ontem_hoje_ref.ac0ce5b9-24b9-39ba-bf51-b27f549216c4,-43.294,-4.416,2021-06-29T15:55:00,AQUA_M-T,ALDEIAS ALTAS,MARANHÃO,Brasil,POINT (-4.416 -43.294)
focos_ams_ontem_hoje_ref.26ca15dc-a057-3d45-831a-b6b30d02cce1,-43.273,-4.413,2021-06-29T15:55:00,AQUA_M-T,ALDEIAS ALTAS,MARANHÃO,Brasil,POINT (-4.413 -43.273)
focos_ams_ontem_hoje_ref.b66ccebb-b4d8-3632-8839-def131b5944b,-42.655,-3.161,2021-06-29T15:55:00,AQUA_M-T,SANTANA DO MARANHÃO,MARANHÃO,Brasil,POINT (-3.161 -42.655)
focos_ams_ontem_hoje_ref.27e63a44-d714-3256-81d4-c195a270734e,-43.592,-5.8,2021-06-29T15:55:00,AQUA_M-T,LAGOA DO MATO,MARANHÃO,Brasil,POINT (-5.8 -43.592)
focos_ams_ontem_hoje_ref.a60845f2-a3b6-3439-a21d-545c8e78eea0,-43.959,-5.442,2021-06-29T15:55:00,AQUA_M-T,GOVERNADOR EUGÊNIO BARROS,MARANHÃO,Brasil,POINT (-5.442 -43.959)
focos_ams_ontem_hoje_ref.c70b9ee3-3224-365b-b31b-8a023fa0e132,-43.24,-4.576,2021-06-29T15:55:00,AQUA_M-T,ALDEIAS ALTAS,MARANHÃO,Brasil,POINT (-4.576 -43.24)
focos_ams_ontem_hoje_ref.b937318b-17c5-384f-86d3-21eca4ff3e1e,-42.191,-3.181,2021-06-29T15:55:00,AQUA_M-T,ARAIOSES,MARANHÃO,Brasil,POINT (-3.181 -42.191)
focos_ams_ontem_hoje_ref.dc7cc4ba-6d9d-31f5-bb0d-311d633978f2,-43.725,-6.309,2021-06-29T15:55:00,AQUA_M-T,SÃO JOÃO DOS PATOS,MARANHÃO,Brasil,POINT (-6.309 -43.725)
focos_ams_ontem_hoje_ref.6326b58d-65cc-3812-a743-46f065fcc445,-43.406,-5.054,2021-06-29T15:55:00,AQUA_M-T,CAXIAS,MARANHÃO,Brasil,POINT (-5.054 -43.406)
focos_ams_ontem_hoje_ref.d58ee9de-6d38-3c1c-bf02-3f8aaffedda3,-42.17,-3.178,2021-06-29T15:55:00,AQUA_M-T,ARAIOSES,MARANHÃO,Brasil,POINT (-3.178 -42.17)
focos_ams_ontem_hoje_ref.40d44aa9-2f9b-3908-b3f3-5a393a01d365,-43.402,-5.05,2021-06-29T15:55:00,AQUA_M-T,CAXIAS,MARANHÃO,Brasil,POINT (-5.05 -43.402)
focos_ams_ontem_hoje_ref.e585fb42-91cf-339a-b639-d5b25cede206,-41.609,-7.895,2021-06-29T15:55:00,AQUA_M-T,CONCEIÇÃO DO CANINDÉ,PIAUÍ,Brasil,POINT (-7.895 -41.609)
focos_ams_ontem_hoje_ref.09862ac0-f05a-3767-8ba4-003341602c02,-42.661,-3.157,2021-06-29T15:55:00,AQUA_M-T,TUTÓIA,MARANHÃO,Brasil,POINT (-3.157 -42.661)
