FID,id,longitude,latitude,data_hora_gmt,satelite,municipio,estado,pais,municipio_id,estado_id,pais_id,numero_dias_sem_chuva,precipitacao,risco_fogo,bioma,geom
focos_brasil_ontem_hoje_ref.7dacf72d-54ba-3310-94a0-502fe593c9e5,7dacf72d-54ba-3310-94a0-502fe593c9e5,-61.483,-11.433,2021-07-06T17:40:00,AQUA_M-T,CACOAL,RONDÔNIA,Brasil,1100049,11,33,,,,Amazônia,POINT (-11.433 -61.483)
focos_brasil_ontem_hoje_ref.218ba9e0-1b84-318f-bfb9-2e6594ce17b7,218ba9e0-1b84-318f-bfb9-2e6594ce17b7,-61.245,-12.579,2021-07-06T17:40:00,AQUA_M-T,CHUPINGUAIA,RONDÔNIA,Brasil,1100924,11,33,,,,Amazônia,POINT (-12.579 -61.245)
focos_brasil_ontem_hoje_ref.a3b55a5d-af6b-36dd-91af-816dfb3a8e25,a3b55a5d-af6b-36dd-91af-816dfb3a8e25,-61.164,-12.318,2021-07-06T17:40:00,AQUA_M-T,CHUPINGUAIA,RONDÔNIA,Brasil,1100924,11,33,,,,Amazônia,POINT (-12.318 -61.164)
focos_brasil_ontem_hoje_ref.682081a5-9614-393e-b639-c6c2db1e9e7f,682081a5-9614-393e-b639-c6c2db1e9e7f,-65.251,-9.603,2021-07-06T17:40:00,AQUA_M-T,PORTO VELHO,RONDÔNIA,Brasil,1100205,11,33,,,,Amazônia,POINT (-9.603 -65.251)
focos_brasil_ontem_hoje_ref.093dba10-9e9a-3181-9551-555ea6ba0471,093dba10-9e9a-3181-9551-555ea6ba0471,-64.283,-9.303,2021-07-06T17:40:00,AQUA_M-T,PORTO VELHO,RONDÔNIA,Brasil,1100205,11,33,,,,Amazônia,POINT (-9.303 -64.283)
focos_brasil_ontem_hoje_ref.af24fd89-f7d5-3df0-a68a-db9cdb8d62ba,af24fd89-f7d5-3df0-a68a-db9cdb8d62ba,-64.231,-8.848,2021-07-06T17:40:00,AQUA_M-T,CANUTAMA,AMAZONAS,Brasil,1300904,13,33,,,,Amazônia,POINT (-8.848 -64.231)
focos_brasil_ontem_hoje_ref.285cd919-8bc3-38f6-8b16-863b24f4087d,285cd919-8bc3-38f6-8b16-863b24f4087d,-64.2,-8.537,2021-07-06T17:40:00,AQUA_M-T,CANUTAMA,AMAZONAS,Brasil,1300904,13,33,,,,Amazônia,POINT (-8.537 -64.2)
focos_brasil_ontem_hoje_ref.9ca5a251-cd70-30ea-ab9f-61e926fce7e6,9ca5a251-cd70-30ea-ab9f-61e926fce7e6,-65.558,-9.789,2021-07-06T17:40:00,AQUA_M-T,PORTO VELHO,RONDÔNIA,Brasil,1100205,11,33,,,,Amazônia,POINT (-9.789 -65.558)
focos_brasil_ontem_hoje_ref.325f5b4c-6b65-38a4-b6e9-672cfeac5ccb,325f5b4c-6b65-38a4-b6e9-672cfeac5ccb,-48.991,-14.017,2021-07-06T17:40:00,AQUA_M-T,MARA ROSA,GOIÁS,Brasil,5212808,52,33,,,,Cerrado,POINT (-14.017 -48.991)
focos_brasil_ontem_hoje_ref.077deadf-bfa5-3b3a-8ccf-4ca87204d5fd,077deadf-bfa5-3b3a-8ccf-4ca87204d5fd,-48.999,-14.013,2021-07-06T17:40:00,AQUA_M-T,MARA ROSA,GOIÁS,Brasil,5212808,52,33,,,,Cerrado,POINT (-14.013 -48.999)
focos_brasil_ontem_hoje_ref.70231f06-a0b8-3be2-8125-4b35f1500b57,70231f06-a0b8-3be2-8125-4b35f1500b57,-50.425,-12.074,2021-07-06T17:40:00,AQUA_M-T,FORMOSO DO ARAGUAIA,TOCANTINS,Brasil,1708205,17,33,,,,Cerrado,POINT (-12.074 -50.425)
focos_brasil_ontem_hoje_ref.819af95f-800a-3b79-b17c-bcd004b769e9,819af95f-800a-3b79-b17c-bcd004b769e9,-50.393,-12.068,2021-07-06T17:40:00,AQUA_M-T,FORMOSO DO ARAGUAIA,TOCANTINS,Brasil,1708205,17,33,,,,Cerrado,POINT (-12.068 -50.393)
focos_brasil_ontem_hoje_ref.b51a530a-0f10-3cea-8ef5-11645fd524a8,b51a530a-0f10-3cea-8ef5-11645fd524a8,-50.418,-12.067,2021-07-06T17:40:00,AQUA_M-T,FORMOSO DO ARAGUAIA,TOCANTINS,Brasil,1708205,17,33,,,,Cerrado,POINT (-12.067 -50.418)
focos_brasil_ontem_hoje_ref.3fecc8cd-b242-37f1-9082-7734fce103c3,3fecc8cd-b242-37f1-9082-7734fce103c3,-50.386,-12.062,2021-07-06T17:40:00,AQUA_M-T,FORMOSO DO ARAGUAIA,TOCANTINS,Brasil,1708205,17,33,,,,Cerrado,POINT (-12.062 -50.386)
focos_brasil_ontem_hoje_ref.0f41cd5e-0b76-3e0a-a554-f1713c750855,0f41cd5e-0b76-3e0a-a554-f1713c750855,-50.379,-11.849,2021-07-06T17:40:00,AQUA_M-T,FORMOSO DO ARAGUAIA,TOCANTINS,Brasil,1708205,17,33,,,,Cerrado,POINT (-11.849 -50.379)
focos_brasil_ontem_hoje_ref.916b745d-0830-3382-b02e-358e8aab9e5f,916b745d-0830-3382-b02e-358e8aab9e5f,-50.347,-11.844,2021-07-06T17:40:00,AQUA_M-T,FORMOSO DO ARAGUAIA,TOCANTINS,Brasil,1708205,17,33,,,,Cerrado,POINT (-11.844 -50.347)
focos_brasil_ontem_hoje_ref.9fa1e161-516e-3eee-a3ea-3aca44247dd5,9fa1e161-516e-3eee-a3ea-3aca44247dd5,-50.382,-11.834,2021-07-06T17:40:00,AQUA_M-T,FORMOSO DO ARAGUAIA,TOCANTINS,Brasil,1708205,17,33,,,,Cerrado,POINT (-11.834 -50.382)
focos_brasil_ontem_hoje_ref.388172b6-67b5-3662-bb6a-e95b869a39c7,388172b6-67b5-3662-bb6a-e95b869a39c7,-50.388,-11.826,2021-07-06T17:40:00,AQUA_M-T,FORMOSO DO ARAGUAIA,TOCANTINS,Brasil,1708205,17,33,,,,Cerrado,POINT (-11.826 -50.388)
focos_brasil_ontem_hoje_ref.ef3cde78-c4cc-3815-bfe4-d3b04229d118,ef3cde78-c4cc-3815-bfe4-d3b04229d118,-49.924,-11.677,2021-07-06T17:40:00,AQUA_M-T,FORMOSO DO ARAGUAIA,TOCANTINS,Brasil,1708205,17,33,,,,Cerrado,POINT (-11.677 -49.924)
focos_brasil_ontem_hoje_ref.4d457e37-c9d4-31e4-a5ce-56f6a3ecd9eb,4d457e37-c9d4-31e4-a5ce-56f6a3ecd9eb,-50.44,-11.595,2021-07-06T17:40:00,AQUA_M-T,FORMOSO DO ARAGUAIA,TOCANTINS,Brasil,1708205,17,33,,,,Cerrado,POINT (-11.595 -50.44)
focos_brasil_ontem_hoje_ref.1e4df936-0655-3610-93a5-89aafb1a2887,1e4df936-0655-3610-93a5-89aafb1a2887,-50.658,-11.41,2021-07-06T17:40:00,AQUA_M-T,LAGOA DA CONFUSÃO,TOCANTINS,Brasil,1711902,17,33,,,,Cerrado,POINT (-11.41 -50.658)
focos_brasil_ontem_hoje_ref.9dc25b2c-8c27-3394-b95b-965c5613f381,9dc25b2c-8c27-3394-b95b-965c5613f381,-50.632,-11.41,2021-07-06T17:40:00,AQUA_M-T,LAGOA DA CONFUSÃO,TOCANTINS,Brasil,1711902,17,33,,,,Cerrado,POINT (-11.41 -50.632)
focos_brasil_ontem_hoje_ref.738a1e6a-9658-3bf0-a46b-32e0fd598271,738a1e6a-9658-3bf0-a46b-32e0fd598271,-50.626,-11.404,2021-07-06T17:40:00,AQUA_M-T,LAGOA DA CONFUSÃO,TOCANTINS,Brasil,1711902,17,33,,,,Cerrado,POINT (-11.404 -50.626)
focos_brasil_ontem_hoje_ref.812bf209-760e-32ae-ac3f-aab8092db53f,812bf209-760e-32ae-ac3f-aab8092db53f,-50.667,-11.4,2021-07-06T17:40:00,AQUA_M-T,LAGOA DA CONFUSÃO,TOCANTINS,Brasil,1711902,17,33,,,,Cerrado,POINT (-11.4 -50.667)
focos_brasil_ontem_hoje_ref.ce1056a5-22a8-326b-b910-f7e3c031ccfa,ce1056a5-22a8-326b-b910-f7e3c031ccfa,-50.635,-11.394,2021-07-06T17:40:00,AQUA_M-T,LAGOA DA CONFUSÃO,TOCANTINS,Brasil,1711902,17,33,,,,Cerrado,POINT (-11.394 -50.635)
focos_brasil_ontem_hoje_ref.b5009788-265a-39dc-8032-035567d9572d,b5009788-265a-39dc-8032-035567d9572d,-51.354,-8.939,2021-07-06T17:40:00,AQUA_M-T,CUMARU DO NORTE,PARÁ,Brasil,1502764,15,33,,,,Amazônia,POINT (-8.939 -51.354)
focos_brasil_ontem_hoje_ref.cc2cbc32-5aba-335d-b68e-0b8dc1a194ce,cc2cbc32-5aba-335d-b68e-0b8dc1a194ce,-51.046,-11.402,2021-07-06T17:40:00,AQUA_M-T,SÃO FÉLIX DO ARAGUAIA,MATO GROSSO,Brasil,5107859,51,33,,,,Cerrado,POINT (-11.402 -51.046)
focos_brasil_ontem_hoje_ref.5fb34d4f-2adc-3df3-982e-9f0d36d432a9,5fb34d4f-2adc-3df3-982e-9f0d36d432a9,-51.016,-11.397,2021-07-06T17:40:00,AQUA_M-T,SÃO FÉLIX DO ARAGUAIA,MATO GROSSO,Brasil,5107859,51,33,,,,Cerrado,POINT (-11.397 -51.016)
focos_brasil_ontem_hoje_ref.563fa83a-271e-37cf-918d-aee49fe9f90f,563fa83a-271e-37cf-918d-aee49fe9f90f,-51.023,-11.386,2021-07-06T17:40:00,AQUA_M-T,SÃO FÉLIX DO ARAGUAIA,MATO GROSSO,Brasil,5107859,51,33,,,,Cerrado,POINT (-11.386 -51.023)
focos_brasil_ontem_hoje_ref.7f4b90fe-b2b0-33ff-83c0-ee3f52cddf0c,7f4b90fe-b2b0-33ff-83c0-ee3f52cddf0c,-51.019,-11.381,2021-07-06T17:40:00,AQUA_M-T,SÃO FÉLIX DO ARAGUAIA,MATO GROSSO,Brasil,5107859,51,33,,,,Cerrado,POINT (-11.381 -51.019)
focos_brasil_ontem_hoje_ref.2eff05af-e0ad-36aa-8e4a-081d46825b19,2eff05af-e0ad-36aa-8e4a-081d46825b19,-52.663,-14.681,2021-07-06T17:40:00,AQUA_M-T,NOVA XAVANTINA,MATO GROSSO,Brasil,5106257,51,33,,,,Cerrado,POINT (-14.681 -52.663)
focos_brasil_ontem_hoje_ref.56e91902-1d6e-3300-a60c-334d40502947,56e91902-1d6e-3300-a60c-334d40502947,-52.67,-14.68,2021-07-06T17:40:00,AQUA_M-T,NOVA XAVANTINA,MATO GROSSO,Brasil,5106257,51,33,,,,Cerrado,POINT (-14.68 -52.67)
focos_brasil_ontem_hoje_ref.a56f91e2-11dc-31c8-9bca-5c7fc76fc719,a56f91e2-11dc-31c8-9bca-5c7fc76fc719,-52.651,-14.677,2021-07-06T17:40:00,AQUA_M-T,NOVA XAVANTINA,MATO GROSSO,Brasil,5106257,51,33,,,,Cerrado,POINT (-14.677 -52.651)
focos_brasil_ontem_hoje_ref.9e7b5ece-0bee-3404-b241-fe58ed33933d,9e7b5ece-0bee-3404-b241-fe58ed33933d,-56.681,-9.168,2021-07-06T17:40:00,AQUA_M-T,JACAREACANGA,PARÁ,Brasil,1503754,15,33,,,,Amazônia,POINT (-9.168 -56.681)
focos_brasil_ontem_hoje_ref.93a8de99-7fca-35aa-a5ab-90df5f32f546,93a8de99-7fca-35aa-a5ab-90df5f32f546,-56.676,-9.163,2021-07-06T17:40:00,AQUA_M-T,JACAREACANGA,PARÁ,Brasil,1503754,15,33,,,,Amazônia,POINT (-9.163 -56.676)
focos_brasil_ontem_hoje_ref.e5615016-4978-330f-8dc5-15ed8d098de8,e5615016-4978-330f-8dc5-15ed8d098de8,-57.213,-10.833,2021-07-06T17:40:00,AQUA_M-T,JUARA,MATO GROSSO,Brasil,5105101,51,33,,,,Amazônia,POINT (-10.833 -57.213)
focos_brasil_ontem_hoje_ref.d48be222-5c0d-332b-a2ad-c54b54a0a193,d48be222-5c0d-332b-a2ad-c54b54a0a193,-57.202,-10.831,2021-07-06T17:40:00,AQUA_M-T,JUARA,MATO GROSSO,Brasil,5105101,51,33,,,,Amazônia,POINT (-10.831 -57.202)
focos_brasil_ontem_hoje_ref.b7ff4bb1-d23b-39e0-baff-51c9e5c45e78,b7ff4bb1-d23b-39e0-baff-51c9e5c45e78,-57.203,-10.822,2021-07-06T17:40:00,AQUA_M-T,JUARA,MATO GROSSO,Brasil,5105101,51,33,,,,Amazônia,POINT (-10.822 -57.203)
focos_brasil_ontem_hoje_ref.4faa3afb-ea27-3999-bfc6-101890319f5a,4faa3afb-ea27-3999-bfc6-101890319f5a,-57.214,-10.823,2021-07-06T17:40:00,AQUA_M-T,JUARA,MATO GROSSO,Brasil,5105101,51,33,,,,Amazônia,POINT (-10.823 -57.214)
focos_brasil_ontem_hoje_ref.cea4465a-bd0f-3d42-9b7c-51ee23b2c312,cea4465a-bd0f-3d42-9b7c-51ee23b2c312,-57.201,-10.809,2021-07-06T17:40:00,AQUA_M-T,JUARA,MATO GROSSO,Brasil,5105101,51,33,,,,Amazônia,POINT (-10.809 -57.201)
focos_brasil_ontem_hoje_ref.375f8431-890e-3455-a89c-10d92d01981f,375f8431-890e-3455-a89c-10d92d01981f,-57.212,-10.81,2021-07-06T17:40:00,AQUA_M-T,JUARA,MATO GROSSO,Brasil,5105101,51,33,,,,Amazônia,POINT (-10.81 -57.212)
focos_brasil_ontem_hoje_ref.9fa2e6e7-9a92-3dfd-994b-b07ce65a32f0,9fa2e6e7-9a92-3dfd-994b-b07ce65a32f0,-57.216,-10.814,2021-07-06T17:40:00,AQUA_M-T,JUARA,MATO GROSSO,Brasil,5105101,51,33,,,,Amazônia,POINT (-10.814 -57.216)
focos_brasil_ontem_hoje_ref.44216f3a-d24f-3c5b-8bc2-fe6c17aa3565,44216f3a-d24f-3c5b-8bc2-fe6c17aa3565,-57.205,-10.812,2021-07-06T17:40:00,AQUA_M-T,JUARA,MATO GROSSO,Brasil,5105101,51,33,,,,Amazônia,POINT (-10.812 -57.205)
focos_brasil_ontem_hoje_ref.7cb70f41-7ab5-3f00-9120-1e451e0e33c9,7cb70f41-7ab5-3f00-9120-1e451e0e33c9,-57.972,-10.729,2021-07-06T17:40:00,AQUA_M-T,JUARA,MATO GROSSO,Brasil,5105101,51,33,,,,Amazônia,POINT (-10.729 -57.972)
focos_brasil_ontem_hoje_ref.a78eaa38-3b40-30ae-9bbc-42746145d7e8,a78eaa38-3b40-30ae-9bbc-42746145d7e8,-57.962,-10.728,2021-07-06T17:40:00,AQUA_M-T,JUARA,MATO GROSSO,Brasil,5105101,51,33,,,,Amazônia,POINT (-10.728 -57.962)
focos_brasil_ontem_hoje_ref.93cd728e-af63-3b45-b8b9-055fd7a747c9,93cd728e-af63-3b45-b8b9-055fd7a747c9,-57.964,-10.719,2021-07-06T17:40:00,AQUA_M-T,JUARA,MATO GROSSO,Brasil,5105101,51,33,,,,Amazônia,POINT (-10.719 -57.964)
focos_brasil_ontem_hoje_ref.93967695-70af-357c-95fe-7fbbaa585e44,93967695-70af-357c-95fe-7fbbaa585e44,-57.952,-10.726,2021-07-06T17:40:00,AQUA_M-T,JUARA,MATO GROSSO,Brasil,5105101,51,33,,,,Amazônia,POINT (-10.726 -57.952)
focos_brasil_ontem_hoje_ref.3fb0b4ae-ddb1-358c-94dc-9f80d7fcd233,3fb0b4ae-ddb1-358c-94dc-9f80d7fcd233,-56.88,-9.687,2021-07-06T17:40:00,AQUA_M-T,PARANAÍTA,MATO GROSSO,Brasil,5106299,51,33,,,,Amazônia,POINT (-9.687 -56.88)
focos_brasil_ontem_hoje_ref.a3be28aa-1eb5-39a1-ae4a-88394db24a80,a3be28aa-1eb5-39a1-ae4a-88394db24a80,-57.465,-9.563,2021-07-06T17:40:00,AQUA_M-T,APIACÁS,MATO GROSSO,Brasil,5100805,51,33,,,,Amazônia,POINT (-9.563 -57.465)
focos_brasil_ontem_hoje_ref.cb99c02e-47b7-3472-8de0-aeec94cd76af,cb99c02e-47b7-3472-8de0-aeec94cd76af,-57.455,-9.561,2021-07-06T17:40:00,AQUA_M-T,APIACÁS,MATO GROSSO,Brasil,5100805,51,33,,,,Amazônia,POINT (-9.561 -57.455)
focos_brasil_ontem_hoje_ref.5ea7aef8-b2b6-31cf-b7a4-7089cf45298c,5ea7aef8-b2b6-31cf-b7a4-7089cf45298c,-57.462,-9.559,2021-07-06T17:40:00,AQUA_M-T,APIACÁS,MATO GROSSO,Brasil,5100805,51,33,,,,Amazônia,POINT (-9.559 -57.462)
focos_brasil_ontem_hoje_ref.f8f12795-9552-31dd-b491-993f73c7d561,f8f12795-9552-31dd-b491-993f73c7d561,-57.749,-9.543,2021-07-06T17:40:00,AQUA_M-T,NOVA BANDEIRANTES,MATO GROSSO,Brasil,5106158,51,33,,,,Amazônia,POINT (-9.543 -57.749)
focos_brasil_ontem_hoje_ref.c45ed0ff-94c3-3e01-bc66-e3c64b82fab5,c45ed0ff-94c3-3e01-bc66-e3c64b82fab5,-57.67,-9.459,2021-07-06T17:40:00,AQUA_M-T,APIACÁS,MATO GROSSO,Brasil,5100805,51,33,,,,Amazônia,POINT (-9.459 -57.67)
focos_brasil_ontem_hoje_ref.d9cabdd1-5628-3fdf-a7e5-0b5a8863c5c2,d9cabdd1-5628-3fdf-a7e5-0b5a8863c5c2,-57.305,-12.67,2021-07-06T17:40:00,AQUA_M-T,NOVA MARINGÁ,MATO GROSSO,Brasil,5108907,51,33,,,,Amazônia,POINT (-12.67 -57.305)
focos_brasil_ontem_hoje_ref.18acdbf9-d29b-371d-97dc-f0f58cc5f958,18acdbf9-d29b-371d-97dc-f0f58cc5f958,-57.703,-9.455,2021-07-06T17:40:00,AQUA_M-T,APIACÁS,MATO GROSSO,Brasil,5100805,51,33,,,,Amazônia,POINT (-9.455 -57.703)
focos_brasil_ontem_hoje_ref.50119d3e-d959-3921-9506-26b497066ac7,50119d3e-d959-3921-9506-26b497066ac7,-57.313,-12.666,2021-07-06T17:40:00,AQUA_M-T,NOVA MARINGÁ,MATO GROSSO,Brasil,5108907,51,33,,,,Amazônia,POINT (-12.666 -57.313)
focos_brasil_ontem_hoje_ref.d1aad576-aa64-3be5-886a-7d653bc6463a,d1aad576-aa64-3be5-886a-7d653bc6463a,-57.302,-12.664,2021-07-06T17:40:00,AQUA_M-T,NOVA MARINGÁ,MATO GROSSO,Brasil,5108907,51,33,,,,Amazônia,POINT (-12.664 -57.302)
focos_brasil_ontem_hoje_ref.ef7510a5-497e-3ac8-9d12-2a1df8062757,ef7510a5-497e-3ac8-9d12-2a1df8062757,-58.929,-14.476,2021-07-06T17:40:00,AQUA_M-T,TANGARÁ DA SERRA,MATO GROSSO,Brasil,5107958,51,33,,,,Cerrado,POINT (-14.476 -58.929)
focos_brasil_ontem_hoje_ref.3e2d365b-0e7d-360c-804a-4cba7bf3ca7f,3e2d365b-0e7d-360c-804a-4cba7bf3ca7f,-64.218,-8.846,2021-07-06T17:40:00,AQUA_M-T,CANUTAMA,AMAZONAS,Brasil,1300904,13,33,,,,Amazônia,POINT (-8.846 -64.218)
focos_brasil_ontem_hoje_ref.95105039-2a19-3f07-97ee-bbd8071b2d2f,95105039-2a19-3f07-97ee-bbd8071b2d2f,-65.545,-9.434,2021-07-06T17:40:00,AQUA_M-T,PORTO VELHO,RONDÔNIA,Brasil,1100205,11,33,,,,Amazônia,POINT (-9.434 -65.545)
focos_brasil_ontem_hoje_ref.a656c4f5-2967-390b-92b7-078de2daf9f5,a656c4f5-2967-390b-92b7-078de2daf9f5,-65.529,-9.432,2021-07-06T17:40:00,AQUA_M-T,LÁBREA,AMAZONAS,Brasil,1302405,13,33,,,,Amazônia,POINT (-9.432 -65.529)
focos_brasil_ontem_hoje_ref.bc095d35-0e21-39c8-ab56-e34af5dffc18,bc095d35-0e21-39c8-ab56-e34af5dffc18,-65.547,-9.422,2021-07-06T17:40:00,AQUA_M-T,LÁBREA,AMAZONAS,Brasil,1302405,13,33,,,,Amazônia,POINT (-9.422 -65.547)
focos_brasil_ontem_hoje_ref.b1946d0e-74d7-3d9c-98b2-2d04e5814a4d,b1946d0e-74d7-3d9c-98b2-2d04e5814a4d,-62.316,-7.646,2021-07-06T17:40:00,AQUA_M-T,HUMAITÁ,AMAZONAS,Brasil,1301704,13,33,,,,Amazônia,POINT (-7.646 -62.316)
focos_brasil_ontem_hoje_ref.35771329-1851-3dd4-8cef-a0cff84df631,35771329-1851-3dd4-8cef-a0cff84df631,-62.306,-7.644,2021-07-06T17:40:00,AQUA_M-T,HUMAITÁ,AMAZONAS,Brasil,1301704,13,33,,,,Amazônia,POINT (-7.644 -62.306)
focos_brasil_ontem_hoje_ref.cb445423-e766-39c4-a1ed-0b178d1e1030,cb445423-e766-39c4-a1ed-0b178d1e1030,-62.436,-9.563,2021-07-06T17:40:00,AQUA_M-T,MACHADINHO D'OESTE,RONDÔNIA,Brasil,1100130,11,33,,,,Amazônia,POINT (-9.563 -62.436)
focos_brasil_ontem_hoje_ref.2349ad53-7cf3-3cf2-8f3f-331759df1a97,2349ad53-7cf3-3cf2-8f3f-331759df1a97,-61.807,-11.719,2021-07-06T17:40:00,AQUA_M-T,ROLIM DE MOURA,RONDÔNIA,Brasil,1100288,11,33,,,,Amazônia,POINT (-11.719 -61.807)
focos_brasil_ontem_hoje_ref.8491ffc1-2926-3cc5-a3a0-aed8624d02b2,8491ffc1-2926-3cc5-a3a0-aed8624d02b2,-62.366,-10.887,2021-07-06T17:40:00,AQUA_M-T,NOVA UNIÃO,RONDÔNIA,Brasil,1101435,11,33,,,,Amazônia,POINT (-10.887 -62.366)
focos_brasil_ontem_hoje_ref.e8c8942d-210f-3cd8-be3c-0ba66a0bafc8,e8c8942d-210f-3cd8-be3c-0ba66a0bafc8,-58.92,-14.475,2021-07-06T17:40:00,AQUA_M-T,TANGARÁ DA SERRA,MATO GROSSO,Brasil,5107958,51,33,,,,Cerrado,POINT (-14.475 -58.92)
focos_brasil_ontem_hoje_ref.e9fea138-a428-316a-9384-fc8eecf99248,e9fea138-a428-316a-9384-fc8eecf99248,-58.462,-14.271,2021-07-06T17:40:00,AQUA_M-T,TANGARÁ DA SERRA,MATO GROSSO,Brasil,5107958,51,33,,,,Cerrado,POINT (-14.271 -58.462)
focos_brasil_ontem_hoje_ref.03cd52a8-b778-3702-b564-e8806897f45d,03cd52a8-b778-3702-b564-e8806897f45d,-53.382,-14.357,2021-07-06T17:40:00,AQUA_M-T,CAMPINÁPOLIS,MATO GROSSO,Brasil,5102603,51,33,,,,Cerrado,POINT (-14.357 -53.382)
focos_brasil_ontem_hoje_ref.93dd4813-3eb4-3e5c-9984-b1d7cc8b7367,93dd4813-3eb4-3e5c-9984-b1d7cc8b7367,-53.388,-14.353,2021-07-06T17:40:00,AQUA_M-T,CAMPINÁPOLIS,MATO GROSSO,Brasil,5102603,51,33,,,,Cerrado,POINT (-14.353 -53.388)
focos_brasil_ontem_hoje_ref.764a199f-58c3-3b7f-86e4-dc40e43268c6,764a199f-58c3-3b7f-86e4-dc40e43268c6,-53.386,-14.332,2021-07-06T17:40:00,AQUA_M-T,CAMPINÁPOLIS,MATO GROSSO,Brasil,5102603,51,33,,,,Cerrado,POINT (-14.332 -53.386)
focos_brasil_ontem_hoje_ref.62fb32e8-b41c-38bc-8bd3-71803161e54e,62fb32e8-b41c-38bc-8bd3-71803161e54e,-53.368,-14.329,2021-07-06T17:40:00,AQUA_M-T,CAMPINÁPOLIS,MATO GROSSO,Brasil,5102603,51,33,,,,Cerrado,POINT (-14.329 -53.368)
focos_brasil_ontem_hoje_ref.fa7a580c-052d-375c-b19b-eac3c276efb9,fa7a580c-052d-375c-b19b-eac3c276efb9,-53.963,-13.914,2021-07-06T17:40:00,AQUA_M-T,PARANATINGA,MATO GROSSO,Brasil,5106307,51,33,,,,Cerrado,POINT (-13.914 -53.963)
focos_brasil_ontem_hoje_ref.63cb254d-822c-30e8-b496-3d719e06a337,63cb254d-822c-30e8-b496-3d719e06a337,-58.928,-15.681,2021-07-06T17:40:00,AQUA_M-T,PORTO ESPERIDIÃO,MATO GROSSO,Brasil,5106828,51,33,,,,Amazônia,POINT (-15.681 -58.928)
focos_brasil_ontem_hoje_ref.65a02460-8ed9-3773-a6e1-c2f23b0ca776,65a02460-8ed9-3773-a6e1-c2f23b0ca776,-54.292,-10.576,2021-07-06T17:40:00,AQUA_M-T,MARCELÂNDIA,MATO GROSSO,Brasil,5105580,51,33,,,,Amazônia,POINT (-10.576 -54.292)
focos_brasil_ontem_hoje_ref.28acd853-b364-3a09-976c-96f7f30896b9,28acd853-b364-3a09-976c-96f7f30896b9,-54.252,-11.409,2021-07-06T17:40:00,AQUA_M-T,UNIÃO DO SUL,MATO GROSSO,Brasil,5108303,51,33,,,,Amazônia,POINT (-11.409 -54.252)
focos_brasil_ontem_hoje_ref.68707cc8-ba37-3a5b-8849-003750cf134e,68707cc8-ba37-3a5b-8849-003750cf134e,-54.43,-11.395,2021-07-06T17:40:00,AQUA_M-T,UNIÃO DO SUL,MATO GROSSO,Brasil,5108303,51,33,,,,Amazônia,POINT (-11.395 -54.43)
focos_brasil_ontem_hoje_ref.d3bfe2b6-8969-3710-9568-15bdd3dbbb45,d3bfe2b6-8969-3710-9568-15bdd3dbbb45,-54.044,-11.388,2021-07-06T17:40:00,AQUA_M-T,UNIÃO DO SUL,MATO GROSSO,Brasil,5108303,51,33,,,,Amazônia,POINT (-11.388 -54.044)
focos_brasil_ontem_hoje_ref.b34fedb0-7f44-3774-9d05-7f0b0e3ddc01,b34fedb0-7f44-3774-9d05-7f0b0e3ddc01,-54.097,-11.318,2021-07-06T17:40:00,AQUA_M-T,UNIÃO DO SUL,MATO GROSSO,Brasil,5108303,51,33,,,,Amazônia,POINT (-11.318 -54.097)
focos_brasil_ontem_hoje_ref.e897d1a6-8eb6-3b10-88da-dd97f9ae8b47,e897d1a6-8eb6-3b10-88da-dd97f9ae8b47,-54.194,-11.137,2021-07-06T17:40:00,AQUA_M-T,MARCELÂNDIA,MATO GROSSO,Brasil,5105580,51,33,,,,Amazônia,POINT (-11.137 -54.194)
focos_brasil_ontem_hoje_ref.fad0a7a3-d128-33ee-ac74-36fdbbf2ab74,fad0a7a3-d128-33ee-ac74-36fdbbf2ab74,-54.899,-14.471,2021-07-06T17:40:00,AQUA_M-T,PLANALTO DA SERRA,MATO GROSSO,Brasil,5106455,51,33,,,,Cerrado,POINT (-14.471 -54.899)
focos_brasil_ontem_hoje_ref.b1914497-c5eb-365c-b4a4-a9c7c401603b,b1914497-c5eb-365c-b4a4-a9c7c401603b,-55.145,-11.012,2021-07-06T17:40:00,AQUA_M-T,ITAÚBA,MATO GROSSO,Brasil,5104559,51,33,,,,Amazônia,POINT (-11.012 -55.145)
focos_brasil_ontem_hoje_ref.db6a0114-c53d-3b5b-b38d-616954c06ef5,db6a0114-c53d-3b5b-b38d-616954c06ef5,-54.885,-14.469,2021-07-06T17:40:00,AQUA_M-T,PLANALTO DA SERRA,MATO GROSSO,Brasil,5106455,51,33,,,,Cerrado,POINT (-14.469 -54.885)
focos_brasil_ontem_hoje_ref.2018f6c5-d72b-3d49-aedc-2a6ff8bd5543,2018f6c5-d72b-3d49-aedc-2a6ff8bd5543,-57.775,-6.233,2021-07-06T17:40:00,AQUA_M-T,JACAREACANGA,PARÁ,Brasil,1503754,15,33,,,,Amazônia,POINT (-6.233 -57.775)
focos_brasil_ontem_hoje_ref.8de8dca3-55ac-36aa-9e80-eae4b96b3510,8de8dca3-55ac-36aa-9e80-eae4b96b3510,-57.784,-6.102,2021-07-06T17:40:00,AQUA_M-T,JACAREACANGA,PARÁ,Brasil,1503754,15,33,,,,Amazônia,POINT (-6.102 -57.784)
focos_brasil_ontem_hoje_ref.56776195-f85a-3f6b-858a-ccb3dceadc25,56776195-f85a-3f6b-858a-ccb3dceadc25,-58.2,-9.484,2021-07-06T17:40:00,AQUA_M-T,NOVA BANDEIRANTES,MATO GROSSO,Brasil,5106158,51,33,,,,Amazônia,POINT (-9.484 -58.2)
focos_brasil_ontem_hoje_ref.b0ac773a-e496-341c-93f6-f419ca6d46bc,b0ac773a-e496-341c-93f6-f419ca6d46bc,-58.19,-9.483,2021-07-06T17:40:00,AQUA_M-T,NOVA BANDEIRANTES,MATO GROSSO,Brasil,5106158,51,33,,,,Amazônia,POINT (-9.483 -58.19)
focos_brasil_ontem_hoje_ref.27550a34-99ac-3c4e-b8bb-7517f7eba084,27550a34-99ac-3c4e-b8bb-7517f7eba084,-59.462,-10.367,2021-07-06T17:40:00,AQUA_M-T,ARIPUANÃ,MATO GROSSO,Brasil,5101407,51,33,,,,Amazônia,POINT (-10.367 -59.462)
focos_brasil_ontem_hoje_ref.d608ba94-6f5b-38ff-a7fb-9917d70f5154,d608ba94-6f5b-38ff-a7fb-9917d70f5154,-59.471,-10.369,2021-07-06T17:40:00,AQUA_M-T,ARIPUANÃ,MATO GROSSO,Brasil,5101407,51,33,,,,Amazônia,POINT (-10.369 -59.471)
focos_brasil_ontem_hoje_ref.f5e93178-88eb-35f8-b365-cb1c39950ccc,f5e93178-88eb-35f8-b365-cb1c39950ccc,-65.901,-8.944,2021-07-06T17:40:00,AQUA_M-T,LÁBREA,AMAZONAS,Brasil,1302405,13,33,,,,Amazônia,POINT (-8.944 -65.901)
focos_brasil_ontem_hoje_ref.612b6054-9899-3779-83ce-fe319f484450,612b6054-9899-3779-83ce-fe319f484450,-65.903,-8.932,2021-07-06T17:40:00,AQUA_M-T,LÁBREA,AMAZONAS,Brasil,1302405,13,33,,,,Amazônia,POINT (-8.932 -65.903)
focos_brasil_ontem_hoje_ref.8928418f-637b-3591-b7dd-7c3f365be8d7,8928418f-637b-3591-b7dd-7c3f365be8d7,-66.76,-9.55,2021-07-06T17:40:00,AQUA_M-T,LÁBREA,AMAZONAS,Brasil,1302405,13,33,,,,Amazônia,POINT (-9.55 -66.76)
focos_brasil_ontem_hoje_ref.e3cefb58-3e02-3ea1-919f-98ba9320b0a2,e3cefb58-3e02-3ea1-919f-98ba9320b0a2,-66.753,-9.547,2021-07-06T17:40:00,AQUA_M-T,LÁBREA,AMAZONAS,Brasil,1302405,13,33,,,,Amazônia,POINT (-9.547 -66.753)
focos_brasil_ontem_hoje_ref.b7649075-b946-3625-85e8-5e800cee5195,b7649075-b946-3625-85e8-5e800cee5195,-66.739,-9.547,2021-07-06T17:40:00,AQUA_M-T,LÁBREA,AMAZONAS,Brasil,1302405,13,33,,,,Amazônia,POINT (-9.547 -66.739)
focos_brasil_ontem_hoje_ref.59d2c442-a7b9-3438-b702-5415a36450d6,59d2c442-a7b9-3438-b702-5415a36450d6,-66.732,-9.545,2021-07-06T17:40:00,AQUA_M-T,LÁBREA,AMAZONAS,Brasil,1302405,13,33,,,,Amazônia,POINT (-9.545 -66.732)
focos_brasil_ontem_hoje_ref.fb288599-b173-382e-b378-1cc01ba2b5f3,fb288599-b173-382e-b378-1cc01ba2b5f3,-59.414,-10.223,2021-07-06T17:40:00,AQUA_M-T,ARIPUANÃ,MATO GROSSO,Brasil,5101407,51,33,,,,Amazônia,POINT (-10.223 -59.414)
focos_brasil_ontem_hoje_ref.c5b956ef-68e1-3523-9a56-611b977d2bdb,c5b956ef-68e1-3523-9a56-611b977d2bdb,-59.361,-9.617,2021-07-06T17:40:00,AQUA_M-T,COLNIZA,MATO GROSSO,Brasil,5103254,51,33,,,,Amazônia,POINT (-9.617 -59.361)
focos_brasil_ontem_hoje_ref.6e06ab27-d437-3185-a8ef-84d40ee893c5,6e06ab27-d437-3185-a8ef-84d40ee893c5,-58.338,-10.083,2021-07-06T17:40:00,AQUA_M-T,COTRIGUAÇU,MATO GROSSO,Brasil,5103379,51,33,,,,Amazônia,POINT (-10.083 -58.338)
focos_brasil_ontem_hoje_ref.be5a57a6-c605-3877-b29b-9e501fa9b476,be5a57a6-c605-3877-b29b-9e501fa9b476,-60.07,-13.36,2021-07-06T17:40:00,AQUA_M-T,COMODORO,MATO GROSSO,Brasil,5103304,51,33,,,,Amazônia,POINT (-13.36 -60.07)
focos_brasil_ontem_hoje_ref.b78f3fe5-daff-327e-9b55-adc04db92562,b78f3fe5-daff-327e-9b55-adc04db92562,-59.648,-14.57,2021-07-06T17:40:00,AQUA_M-T,NOVA LACERDA,MATO GROSSO,Brasil,5106182,51,33,,,,Amazônia,POINT (-14.57 -59.648)
focos_brasil_ontem_hoje_ref.10192638-be4a-37c2-810c-7ac43c6084de,10192638-be4a-37c2-810c-7ac43c6084de,-59.987,-14.451,2021-07-06T17:40:00,AQUA_M-T,VILA BELA DA SANTÍSSIMA TRINDADE,MATO GROSSO,Brasil,5105507,51,33,,,,Amazônia,POINT (-14.451 -59.987)
focos_brasil_ontem_hoje_ref.ba568e53-3d7f-3de6-b65e-e09ce76fc4d4,ba568e53-3d7f-3de6-b65e-e09ce76fc4d4,-59.609,-14.426,2021-07-06T17:40:00,AQUA_M-T,NOVA LACERDA,MATO GROSSO,Brasil,5106182,51,33,,,,Amazônia,POINT (-14.426 -59.609)
focos_brasil_ontem_hoje_ref.b10c2bf1-9c14-3dcc-abf5-a19a0777f7f9,b10c2bf1-9c14-3dcc-abf5-a19a0777f7f9,-55.443,-7.035,2021-07-06T17:40:00,AQUA_M-T,NOVO PROGRESSO,PARÁ,Brasil,1505031,15,33,,,,Amazônia,POINT (-7.035 -55.443)
focos_brasil_ontem_hoje_ref.b13dfddb-556f-31f8-bac9-adcf4383406c,b13dfddb-556f-31f8-bac9-adcf4383406c,-55.435,-7.025,2021-07-06T17:40:00,AQUA_M-T,NOVO PROGRESSO,PARÁ,Brasil,1505031,15,33,,,,Amazônia,POINT (-7.025 -55.435)
focos_brasil_ontem_hoje_ref.a953790b-9729-3eda-9b58-2beca1e63d72,a953790b-9729-3eda-9b58-2beca1e63d72,-56.242,-10.784,2021-07-06T17:40:00,AQUA_M-T,NOVA CANAÃ DO NORTE,MATO GROSSO,Brasil,5106216,51,33,,,,Amazônia,POINT (-10.784 -56.242)
focos_brasil_ontem_hoje_ref.fff7dbac-ee9c-3a71-9aff-07fe0bccb805,fff7dbac-ee9c-3a71-9aff-07fe0bccb805,-56.617,-10.158,2021-07-06T17:40:00,AQUA_M-T,ALTA FLORESTA,MATO GROSSO,Brasil,5100250,51,33,,,,Amazônia,POINT (-10.158 -56.617)
focos_brasil_ontem_hoje_ref.6b45b48c-e4fb-3617-93e9-e35079b44e17,6b45b48c-e4fb-3617-93e9-e35079b44e17,-56.605,-10.157,2021-07-06T17:40:00,AQUA_M-T,ALTA FLORESTA,MATO GROSSO,Brasil,5100250,51,33,,,,Amazônia,POINT (-10.157 -56.605)
focos_brasil_ontem_hoje_ref.9ac139df-b5c6-3d0d-914b-91db2b2cb52a,9ac139df-b5c6-3d0d-914b-91db2b2cb52a,-56.932,-12.119,2021-07-06T17:40:00,AQUA_M-T,ITANHANGÁ,MATO GROSSO,Brasil,5104542,51,33,,,,Amazônia,POINT (-12.119 -56.932)
focos_brasil_ontem_hoje_ref.1641453c-dfa9-3c07-a237-3a2a263ea886,1641453c-dfa9-3c07-a237-3a2a263ea886,-56.863,-12.026,2021-07-06T17:40:00,AQUA_M-T,ITANHANGÁ,MATO GROSSO,Brasil,5104542,51,33,,,,Amazônia,POINT (-12.026 -56.863)
focos_brasil_ontem_hoje_ref.4d70be6d-3fe7-3186-89d3-1775f131a045,4d70be6d-3fe7-3186-89d3-1775f131a045,-56.536,-10.923,2021-07-06T17:40:00,AQUA_M-T,TABAPORÃ,MATO GROSSO,Brasil,5107941,51,33,,,,Amazônia,POINT (-10.923 -56.536)
focos_brasil_ontem_hoje_ref.990d42e9-00e0-3ad3-bb7d-7702e6b4d772,990d42e9-00e0-3ad3-bb7d-7702e6b4d772,-56.524,-10.921,2021-07-06T17:40:00,AQUA_M-T,NOVA CANAÃ DO NORTE,MATO GROSSO,Brasil,5106216,51,33,,,,Amazônia,POINT (-10.921 -56.524)
focos_brasil_ontem_hoje_ref.b19c0d48-e28e-31a4-baf5-78baf8caa1cf,b19c0d48-e28e-31a4-baf5-78baf8caa1cf,-56.393,-12.374,2021-07-06T17:40:00,AQUA_M-T,TAPURAH,MATO GROSSO,Brasil,5108006,51,33,,,,Amazônia,POINT (-12.374 -56.393)
focos_brasil_ontem_hoje_ref.c0aad348-27b4-3d77-9ece-b0f3e4c29cba,c0aad348-27b4-3d77-9ece-b0f3e4c29cba,-63.465,-9.396,2021-07-06T17:40:00,AQUA_M-T,CANDEIAS DO JAMARI,RONDÔNIA,Brasil,1100809,11,33,,,,Amazônia,POINT (-9.396 -63.465)
focos_brasil_ontem_hoje_ref.59f0e748-58f1-3f47-9dc1-71d6f78ad615,59f0e748-58f1-3f47-9dc1-71d6f78ad615,-62.725,-7.041,2021-07-06T17:40:00,AQUA_M-T,HUMAITÁ,AMAZONAS,Brasil,1301704,13,33,,,,Amazônia,POINT (-7.041 -62.725)
focos_brasil_ontem_hoje_ref.e1860e00-3f90-3796-9d29-3bb0f0611538,e1860e00-3f90-3796-9d29-3bb0f0611538,-63.392,-5.765,2021-07-06T17:40:00,AQUA_M-T,TAPAUÁ,AMAZONAS,Brasil,1304104,13,33,,,,Amazônia,POINT (-5.765 -63.392)
focos_brasil_ontem_hoje_ref.9c6db1b4-f723-3af1-8a84-7eb73b56a060,9c6db1b4-f723-3af1-8a84-7eb73b56a060,-64.015,-9.304,2021-07-06T17:40:00,AQUA_M-T,PORTO VELHO,RONDÔNIA,Brasil,1100205,11,33,,,,Amazônia,POINT (-9.304 -64.015)
focos_brasil_ontem_hoje_ref.34ca83e9-b257-3a50-9bb3-610cf9cfc470,34ca83e9-b257-3a50-9bb3-610cf9cfc470,-63.395,-9.304,2021-07-06T17:40:00,AQUA_M-T,CANDEIAS DO JAMARI,RONDÔNIA,Brasil,1100809,11,33,,,,Amazônia,POINT (-9.304 -63.395)
focos_brasil_ontem_hoje_ref.12e99985-874b-39e6-a0c9-c60a00a13818,12e99985-874b-39e6-a0c9-c60a00a13818,-63.389,-9.304,2021-07-06T17:40:00,AQUA_M-T,CANDEIAS DO JAMARI,RONDÔNIA,Brasil,1100809,11,33,,,,Amazônia,POINT (-9.304 -63.389)
focos_brasil_ontem_hoje_ref.2ad43c77-1e57-3f5a-9a81-fc5d8925c8c7,2ad43c77-1e57-3f5a-9a81-fc5d8925c8c7,-64.002,-9.303,2021-07-06T17:40:00,AQUA_M-T,PORTO VELHO,RONDÔNIA,Brasil,1100205,11,33,,,,Amazônia,POINT (-9.303 -64.002)
focos_brasil_ontem_hoje_ref.305eedbc-cb5a-3ce3-96bb-4d658b53f0c6,305eedbc-cb5a-3ce3-96bb-4d658b53f0c6,-63.383,-9.303,2021-07-06T17:40:00,AQUA_M-T,CANDEIAS DO JAMARI,RONDÔNIA,Brasil,1100809,11,33,,,,Amazônia,POINT (-9.303 -63.383)
focos_brasil_ontem_hoje_ref.2b7f4e9e-b6cd-3ae3-9eb1-22e19ac19141,2b7f4e9e-b6cd-3ae3-9eb1-22e19ac19141,-64.009,-9.298,2021-07-06T17:40:00,AQUA_M-T,PORTO VELHO,RONDÔNIA,Brasil,1100205,11,33,,,,Amazônia,POINT (-9.298 -64.009)
focos_brasil_ontem_hoje_ref.83ba117b-4254-3719-9d69-099e870b7964,83ba117b-4254-3719-9d69-099e870b7964,-63.925,-9.071,2021-07-06T17:40:00,AQUA_M-T,PORTO VELHO,RONDÔNIA,Brasil,1100205,11,33,,,,Amazônia,POINT (-9.071 -63.925)
focos_brasil_ontem_hoje_ref.df80874e-1353-3bce-9fe4-e8b44b960ac7,df80874e-1353-3bce-9fe4-e8b44b960ac7,-63.843,-8.989,2021-07-06T17:40:00,AQUA_M-T,PORTO VELHO,RONDÔNIA,Brasil,1100205,11,33,,,,Amazônia,POINT (-8.989 -63.843)
focos_brasil_ontem_hoje_ref.e18abf07-c692-3c83-b8e5-5a81ee8e617e,e18abf07-c692-3c83-b8e5-5a81ee8e617e,-63.586,-8.912,2021-07-06T17:40:00,AQUA_M-T,CANDEIAS DO JAMARI,RONDÔNIA,Brasil,1100809,11,33,,,,Amazônia,POINT (-8.912 -63.586)
focos_brasil_ontem_hoje_ref.b4291164-c666-3b25-9915-2fa97b54c0a1,b4291164-c666-3b25-9915-2fa97b54c0a1,-63.991,-8.815,2021-07-06T17:40:00,AQUA_M-T,PORTO VELHO,RONDÔNIA,Brasil,1100205,11,33,,,,Amazônia,POINT (-8.815 -63.991)
focos_brasil_ontem_hoje_ref.027877a5-7092-30d9-88da-f0a1a45126ee,027877a5-7092-30d9-88da-f0a1a45126ee,-64.039,-8.688,2021-07-06T17:40:00,AQUA_M-T,CANUTAMA,AMAZONAS,Brasil,1300904,13,33,,,,Amazônia,POINT (-8.688 -64.039)
focos_brasil_ontem_hoje_ref.f4ad2127-f159-3b50-953b-ea09778a0a7d,f4ad2127-f159-3b50-953b-ea09778a0a7d,-64.01,-8.581,2021-07-06T17:40:00,AQUA_M-T,CANUTAMA,AMAZONAS,Brasil,1300904,13,33,,,,Amazônia,POINT (-8.581 -64.01)
focos_brasil_ontem_hoje_ref.1bd14afa-d051-307a-8831-ab14c7279d05,1bd14afa-d051-307a-8831-ab14c7279d05,-63.73,-7.883,2021-07-06T17:40:00,AQUA_M-T,CANUTAMA,AMAZONAS,Brasil,1300904,13,33,,,,Amazônia,POINT (-7.883 -63.73)
focos_brasil_ontem_hoje_ref.eeb602ab-2bb6-3324-bf27-fe51b0ea78f1,eeb602ab-2bb6-3324-bf27-fe51b0ea78f1,-63.836,-9.922,2021-07-06T17:40:00,AQUA_M-T,BURITIS,RONDÔNIA,Brasil,1100452,11,33,,,,Amazônia,POINT (-9.922 -63.836)
focos_brasil_ontem_hoje_ref.82e5d9e4-abd7-372b-b413-efb1bca1c702,82e5d9e4-abd7-372b-b413-efb1bca1c702,-63.724,-7.881,2021-07-06T17:40:00,AQUA_M-T,CANUTAMA,AMAZONAS,Brasil,1300904,13,33,,,,Amazônia,POINT (-7.881 -63.724)
focos_brasil_ontem_hoje_ref.ff0a6d43-e7ca-3ce4-8101-a2cc2f8b698d,ff0a6d43-e7ca-3ce4-8101-a2cc2f8b698d,-63.719,-7.881,2021-07-06T17:40:00,AQUA_M-T,CANUTAMA,AMAZONAS,Brasil,1300904,13,33,,,,Amazônia,POINT (-7.881 -63.719)
focos_brasil_ontem_hoje_ref.5b4f9983-4602-3a90-bf58-794476d80724,5b4f9983-4602-3a90-bf58-794476d80724,-63.824,-9.921,2021-07-06T17:40:00,AQUA_M-T,BURITIS,RONDÔNIA,Brasil,1100452,11,33,,,,Amazônia,POINT (-9.921 -63.824)
focos_brasil_ontem_hoje_ref.2094affa-71e8-3d3c-8771-37e33ea1881e,2094affa-71e8-3d3c-8771-37e33ea1881e,-64.107,-9.898,2021-07-06T17:40:00,AQUA_M-T,BURITIS,RONDÔNIA,Brasil,1100452,11,33,,,,Amazônia,POINT (-9.898 -64.107)
focos_brasil_ontem_hoje_ref.7b1f295d-3eb6-3018-9eef-835cc627fbf4,7b1f295d-3eb6-3018-9eef-835cc627fbf4,-62.868,-9.752,2021-07-06T17:40:00,AQUA_M-T,ARIQUEMES,RONDÔNIA,Brasil,1100023,11,33,,,,Amazônia,POINT (-9.752 -62.868)
focos_brasil_ontem_hoje_ref.4da324c8-6254-3891-a7e0-dbf0dbca0cbc,4da324c8-6254-3891-a7e0-dbf0dbca0cbc,-63.248,-9.641,2021-07-06T17:40:00,AQUA_M-T,ALTO PARAÍSO,RONDÔNIA,Brasil,1100403,11,33,,,,Amazônia,POINT (-9.641 -63.248)
focos_brasil_ontem_hoje_ref.f9a31739-9e95-3780-bb58-2f554c872882,f9a31739-9e95-3780-bb58-2f554c872882,-63.671,-9.566,2021-07-06T17:40:00,AQUA_M-T,PORTO VELHO,RONDÔNIA,Brasil,1100205,11,33,,,,Amazônia,POINT (-9.566 -63.671)
focos_brasil_ontem_hoje_ref.8ce15e8a-7538-35f4-b665-315b60264bda,8ce15e8a-7538-35f4-b665-315b60264bda,-63.659,-9.564,2021-07-06T17:40:00,AQUA_M-T,PORTO VELHO,RONDÔNIA,Brasil,1100205,11,33,,,,Amazônia,POINT (-9.564 -63.659)
focos_brasil_ontem_hoje_ref.60eb34e9-1a5f-35a8-a7a9-f1b3acb501b7,60eb34e9-1a5f-35a8-a7a9-f1b3acb501b7,-63.697,-9.559,2021-07-06T17:40:00,AQUA_M-T,PORTO VELHO,RONDÔNIA,Brasil,1100205,11,33,,,,Amazônia,POINT (-9.559 -63.697)
focos_brasil_ontem_hoje_ref.1a21e4d4-863e-3db7-af1b-72733f1dc3ac,1a21e4d4-863e-3db7-af1b-72733f1dc3ac,-63.685,-9.557,2021-07-06T17:40:00,AQUA_M-T,PORTO VELHO,RONDÔNIA,Brasil,1100205,11,33,,,,Amazônia,POINT (-9.557 -63.685)
focos_brasil_ontem_hoje_ref.7bd63b49-364b-3ee5-9970-3a7e1cef0a23,7bd63b49-364b-3ee5-9970-3a7e1cef0a23,-68.31,-9.143,2021-07-06T17:40:00,AQUA_M-T,BOCA DO ACRE,AMAZONAS,Brasil,1300706,13,33,,,,Amazônia,POINT (-9.143 -68.31)
focos_brasil_ontem_hoje_ref.3128669a-da36-3189-bc03-cc78cc1b31a1,3128669a-da36-3189-bc03-cc78cc1b31a1,-68.315,-9.142,2021-07-06T17:40:00,AQUA_M-T,BOCA DO ACRE,AMAZONAS,Brasil,1300706,13,33,,,,Amazônia,POINT (-9.142 -68.315)
focos_brasil_ontem_hoje_ref.2a230413-84ac-3099-a121-62896631ccdd,2a230413-84ac-3099-a121-62896631ccdd,-57.786,-6.235,2021-07-06T17:40:00,AQUA_M-T,JACAREACANGA,PARÁ,Brasil,1503754,15,33,,,,Amazônia,POINT (-6.235 -57.786)
focos_brasil_ontem_hoje_ref.79fe5f4a-d0af-334c-8a94-b3fb108febcd,79fe5f4a-d0af-334c-8a94-b3fb108febcd,-63.672,-9.556,2021-07-06T17:40:00,AQUA_M-T,PORTO VELHO,RONDÔNIA,Brasil,1100205,11,33,,,,Amazônia,POINT (-9.556 -63.672)
focos_brasil_ontem_hoje_ref.960f2646-e294-30b8-8a33-93bf27a6b3c4,960f2646-e294-30b8-8a33-93bf27a6b3c4,-68.288,-9.139,2021-07-06T17:40:00,AQUA_M-T,BOCA DO ACRE,AMAZONAS,Brasil,1300706,13,33,,,,Amazônia,POINT (-9.139 -68.288)
focos_brasil_ontem_hoje_ref.4dfb06ca-d8c8-378f-957a-7bcedc77d6e7,4dfb06ca-d8c8-378f-957a-7bcedc77d6e7,-67.975,-10.342,2021-07-06T17:40:00,AQUA_M-T,CAPIXABA,ACRE,Brasil,1200179,12,33,,,,Amazônia,POINT (-10.342 -67.975)
focos_brasil_ontem_hoje_ref.44513f33-1153-3a9f-abce-e142689f3b82,44513f33-1153-3a9f-abce-e142689f3b82,-67.97,-10.342,2021-07-06T17:40:00,AQUA_M-T,CAPIXABA,ACRE,Brasil,1200179,12,33,,,,Amazônia,POINT (-10.342 -67.97)
focos_brasil_ontem_hoje_ref.f8b47ea5-bf70-34bc-b761-01aefd54e1f4,f8b47ea5-bf70-34bc-b761-01aefd54e1f4,-63.66,-9.554,2021-07-06T17:40:00,AQUA_M-T,PORTO VELHO,RONDÔNIA,Brasil,1100205,11,33,,,,Amazônia,POINT (-9.554 -63.66)
focos_brasil_ontem_hoje_ref.6d4698c3-5f26-3545-9952-6263c905f516,6d4698c3-5f26-3545-9952-6263c905f516,-64.16,-10.648,2021-07-06T17:40:00,AQUA_M-T,NOVA MAMORÉ,RONDÔNIA,Brasil,1100338,11,33,,,,Amazônia,POINT (-10.648 -64.16)
focos_brasil_ontem_hoje_ref.e0e0a962-9837-3070-9c76-d91c58f1a270,e0e0a962-9837-3070-9c76-d91c58f1a270,-63.698,-9.548,2021-07-06T17:40:00,AQUA_M-T,PORTO VELHO,RONDÔNIA,Brasil,1100205,11,33,,,,Amazônia,POINT (-9.548 -63.698)
focos_brasil_ontem_hoje_ref.7db1bee2-1379-3974-8d9e-827d592b366f,7db1bee2-1379-3974-8d9e-827d592b366f,-63.47,-9.405,2021-07-06T17:40:00,AQUA_M-T,CANDEIAS DO JAMARI,RONDÔNIA,Brasil,1100809,11,33,,,,Amazônia,POINT (-9.405 -63.47)
focos_brasil_ontem_hoje_ref.c4db8199-29bd-364f-8e79-442ba5ae5389,c4db8199-29bd-364f-8e79-442ba5ae5389,-56.142,-15.578,2021-07-06T17:35:00,AQUA_M-T,VÁRZEA GRANDE,MATO GROSSO,Brasil,5108402,51,33,,,,Cerrado,POINT (-15.578 -56.142)
focos_brasil_ontem_hoje_ref.e95b5414-22b3-3dfb-b9c6-020f3ba1c23d,e95b5414-22b3-3dfb-b9c6-020f3ba1c23d,-57.065,-20.534,2021-07-06T17:35:00,AQUA_M-T,PORTO MURTINHO,MATO GROSSO DO SUL,Brasil,5006903,50,33,,,,Cerrado,POINT (-20.534 -57.065)
focos_brasil_ontem_hoje_ref.4fba0398-52dd-3530-a950-46843ac9ab29,4fba0398-52dd-3530-a950-46843ac9ab29,-56.243,-20.78,2021-07-06T17:35:00,AQUA_M-T,BONITO,MATO GROSSO DO SUL,Brasil,5002209,50,33,,,,Cerrado,POINT (-20.78 -56.243)
focos_brasil_ontem_hoje_ref.b3b61c9f-0aba-3e20-9009-420dbdea7595,b3b61c9f-0aba-3e20-9009-420dbdea7595,-56.233,-20.779,2021-07-06T17:35:00,AQUA_M-T,BONITO,MATO GROSSO DO SUL,Brasil,5002209,50,33,,,,Cerrado,POINT (-20.779 -56.233)
focos_brasil_ontem_hoje_ref.c741d0e8-834e-369d-b26f-ad1ea0927af2,c741d0e8-834e-369d-b26f-ad1ea0927af2,-57.028,-20.519,2021-07-06T17:35:00,AQUA_M-T,PORTO MURTINHO,MATO GROSSO DO SUL,Brasil,5006903,50,33,,,,Cerrado,POINT (-20.519 -57.028)
focos_brasil_ontem_hoje_ref.4214a459-c9d9-3cf6-b521-a4fcec284669,4214a459-c9d9-3cf6-b521-a4fcec284669,-52.287,-17.535,2021-07-06T17:35:00,AQUA_M-T,PEROLÂNDIA,GOIÁS,Brasil,5216452,52,33,,,,Cerrado,POINT (-17.535 -52.287)
focos_brasil_ontem_hoje_ref.fc773c42-c11b-367d-a3ca-c88fdef99a51,fc773c42-c11b-367d-a3ca-c88fdef99a51,-52.701,-17.238,2021-07-06T17:35:00,AQUA_M-T,PORTELÂNDIA,GOIÁS,Brasil,5218102,52,33,,,,Cerrado,POINT (-17.238 -52.701)
focos_brasil_ontem_hoje_ref.3f391bf1-a617-3001-aee5-f8f5516ae0c2,3f391bf1-a617-3001-aee5-f8f5516ae0c2,-52.741,-16.998,2021-07-06T17:35:00,AQUA_M-T,MINEIROS,GOIÁS,Brasil,5213103,52,33,,,,Cerrado,POINT (-16.998 -52.741)
focos_brasil_ontem_hoje_ref.2c06f821-4c73-3930-be2e-c4939e2ff0f7,2c06f821-4c73-3930-be2e-c4939e2ff0f7,-52.713,-19.105,2021-07-06T17:35:00,AQUA_M-T,CHAPADÃO DO SUL,MATO GROSSO DO SUL,Brasil,5002951,50,33,,,,Cerrado,POINT (-19.105 -52.713)
focos_brasil_ontem_hoje_ref.169c99d4-95d1-32a0-bca2-7e01231ba9d3,169c99d4-95d1-32a0-bca2-7e01231ba9d3,-52.705,-19.094,2021-07-06T17:35:00,AQUA_M-T,CHAPADÃO DO SUL,MATO GROSSO DO SUL,Brasil,5002951,50,33,,,,Cerrado,POINT (-19.094 -52.705)
focos_brasil_ontem_hoje_ref.6fe08123-6401-3b56-b684-259403246985,6fe08123-6401-3b56-b684-259403246985,-54.506,-23.799,2021-07-06T17:35:00,AQUA_M-T,JAPORÃ,MATO GROSSO DO SUL,Brasil,5004809,50,33,,,,Mata Atlântica,POINT (-23.799 -54.506)
focos_brasil_ontem_hoje_ref.858ba7f1-fd47-34ea-9f4a-8cac6fdd60ae,858ba7f1-fd47-34ea-9f4a-8cac6fdd60ae,-54.495,-23.797,2021-07-06T17:35:00,AQUA_M-T,JAPORÃ,MATO GROSSO DO SUL,Brasil,5004809,50,33,,,,Mata Atlântica,POINT (-23.797 -54.495)
focos_brasil_ontem_hoje_ref.15810ede-c8f4-3727-9e29-7de38391c71e,15810ede-c8f4-3727-9e29-7de38391c71e,-53.584,-23.043,2021-07-06T17:35:00,AQUA_M-T,QUERÊNCIA DO NORTE,PARANÁ,Brasil,4121000,41,33,,,,Mata Atlântica,POINT (-23.043 -53.584)
focos_brasil_ontem_hoje_ref.5d0076c6-a6ea-35fa-9232-fcb886895e8e,5d0076c6-a6ea-35fa-9232-fcb886895e8e,-48.686,-20.51,2021-07-06T17:35:00,AQUA_M-T,BARRETOS,SÃO PAULO,Brasil,3505500,35,33,,,,Cerrado,POINT (-20.51 -48.686)
focos_brasil_ontem_hoje_ref.d14fe713-a7e5-3b6e-9f0a-d4ec9e460573,d14fe713-a7e5-3b6e-9f0a-d4ec9e460573,-48.682,-20.506,2021-07-06T17:35:00,AQUA_M-T,BARRETOS,SÃO PAULO,Brasil,3505500,35,33,,,,Cerrado,POINT (-20.506 -48.682)
focos_brasil_ontem_hoje_ref.4d607c1d-04c7-3b6b-8ff0-de5d1b44a2dd,4d607c1d-04c7-3b6b-8ff0-de5d1b44a2dd,-54.982,-23.404,2021-07-06T17:35:00,AQUA_M-T,AMAMBAI,MATO GROSSO DO SUL,Brasil,5000609,50,33,,,,Mata Atlântica,POINT (-23.404 -54.982)
focos_brasil_ontem_hoje_ref.9dd32a87-87ab-3f8b-99f5-6c601ba15ab8,9dd32a87-87ab-3f8b-99f5-6c601ba15ab8,-54.874,-23.139,2021-07-06T17:35:00,AQUA_M-T,AMAMBAI,MATO GROSSO DO SUL,Brasil,5000609,50,33,,,,Mata Atlântica,POINT (-23.139 -54.874)
focos_brasil_ontem_hoje_ref.3c83ae42-3d33-3ee6-815c-48927824b389,3c83ae42-3d33-3ee6-815c-48927824b389,-53.941,-23.913,2021-07-06T17:35:00,AQUA_M-T,ALTÔNIA,PARANÁ,Brasil,4100509,41,33,,,,Mata Atlântica,POINT (-23.913 -53.941)
focos_brasil_ontem_hoje_ref.c1a7133a-1a44-3262-8097-88514593573e,c1a7133a-1a44-3262-8097-88514593573e,-50.506,-27.583,2021-07-06T17:35:00,AQUA_M-T,CORREIA PINTO,SANTA CATARINA,Brasil,4204558,42,33,,,,Mata Atlântica,POINT (-27.583 -50.506)
focos_brasil_ontem_hoje_ref.08c3906d-61c1-3131-a666-68a459e62be5,08c3906d-61c1-3131-a666-68a459e62be5,-54.597,-23.804,2021-07-06T17:35:00,AQUA_M-T,JAPORÃ,MATO GROSSO DO SUL,Brasil,5004809,50,33,,,,Mata Atlântica,POINT (-23.804 -54.597)
focos_brasil_ontem_hoje_ref.16dbacce-2348-30ab-9739-e1ec964c4463,16dbacce-2348-30ab-9739-e1ec964c4463,-50.499,-27.581,2021-07-06T17:35:00,AQUA_M-T,CORREIA PINTO,SANTA CATARINA,Brasil,4204558,42,33,,,,Mata Atlântica,POINT (-27.581 -50.499)
focos_brasil_ontem_hoje_ref.afc64f11-f902-377d-926f-61177275d17c,afc64f11-f902-377d-926f-61177275d17c,-50.489,-27.58,2021-07-06T17:35:00,AQUA_M-T,CORREIA PINTO,SANTA CATARINA,Brasil,4204558,42,33,,,,Mata Atlântica,POINT (-27.58 -50.489)
focos_brasil_ontem_hoje_ref.9563eaa0-7518-3a33-b904-0ca71c2f8e44,9563eaa0-7518-3a33-b904-0ca71c2f8e44,-50.428,-29.062,2021-07-06T17:35:00,AQUA_M-T,JAQUIRANA,RIO GRANDE DO SUL,Brasil,4311122,43,33,,,,Mata Atlântica,POINT (-29.062 -50.428)
focos_brasil_ontem_hoje_ref.28ac2548-d69f-3dfb-b5e3-ef3bd3cd77e3,28ac2548-d69f-3dfb-b5e3-ef3bd3cd77e3,-57.366,-18.922,2021-07-06T17:35:00,AQUA_M-T,CORUMBÁ,MATO GROSSO DO SUL,Brasil,5003207,50,33,,,,Pantanal,POINT (-18.922 -57.366)
focos_brasil_ontem_hoje_ref.a3179075-9bf6-36f5-ad82-9a5744863438,a3179075-9bf6-36f5-ad82-9a5744863438,-57.377,-18.915,2021-07-06T17:35:00,AQUA_M-T,CORUMBÁ,MATO GROSSO DO SUL,Brasil,5003207,50,33,,,,Pantanal,POINT (-18.915 -57.377)
focos_brasil_ontem_hoje_ref.4a7138e6-64b5-3e5f-bf8c-cb71344bbc33,4a7138e6-64b5-3e5f-bf8c-cb71344bbc33,-57.367,-18.913,2021-07-06T17:35:00,AQUA_M-T,CORUMBÁ,MATO GROSSO DO SUL,Brasil,5003207,50,33,,,,Pantanal,POINT (-18.913 -57.367)
focos_brasil_ontem_hoje_ref.05336199-1c9d-3a2b-856d-7350f94db129,05336199-1c9d-3a2b-856d-7350f94db129,-57.313,-18.887,2021-07-06T17:35:00,AQUA_M-T,CORUMBÁ,MATO GROSSO DO SUL,Brasil,5003207,50,33,,,,Pantanal,POINT (-18.887 -57.313)
focos_brasil_ontem_hoje_ref.ee6c9be2-f295-3dff-801a-eb01b371ce61,ee6c9be2-f295-3dff-801a-eb01b371ce61,-57.333,-18.88,2021-07-06T17:35:00,AQUA_M-T,CORUMBÁ,MATO GROSSO DO SUL,Brasil,5003207,50,33,,,,Pantanal,POINT (-18.88 -57.333)
focos_brasil_ontem_hoje_ref.aa944be2-a79b-3e00-85b8-7d490f369879,aa944be2-a79b-3e00-85b8-7d490f369879,-57.324,-18.879,2021-07-06T17:35:00,AQUA_M-T,CORUMBÁ,MATO GROSSO DO SUL,Brasil,5003207,50,33,,,,Pantanal,POINT (-18.879 -57.324)
focos_brasil_ontem_hoje_ref.4afabeca-75fd-35ac-ac41-f5f7a35a8239,4afabeca-75fd-35ac-ac41-f5f7a35a8239,-57.364,-18.876,2021-07-06T17:35:00,AQUA_M-T,CORUMBÁ,MATO GROSSO DO SUL,Brasil,5003207,50,33,,,,Pantanal,POINT (-18.876 -57.364)
focos_brasil_ontem_hoje_ref.4a1ec1f2-0141-3a6a-bb22-c2fab8022730,4a1ec1f2-0141-3a6a-bb22-c2fab8022730,-57.354,-18.874,2021-07-06T17:35:00,AQUA_M-T,CORUMBÁ,MATO GROSSO DO SUL,Brasil,5003207,50,33,,,,Pantanal,POINT (-18.874 -57.354)
focos_brasil_ontem_hoje_ref.18ca531f-3da9-34f8-98cc-6f69aac24155,18ca531f-3da9-34f8-98cc-6f69aac24155,-57.345,-18.873,2021-07-06T17:35:00,AQUA_M-T,CORUMBÁ,MATO GROSSO DO SUL,Brasil,5003207,50,33,,,,Pantanal,POINT (-18.873 -57.345)
focos_brasil_ontem_hoje_ref.269e340c-b238-3a6c-8ce9-a0469eb1b451,269e340c-b238-3a6c-8ce9-a0469eb1b451,-57.298,-18.83,2021-07-06T17:35:00,AQUA_M-T,CORUMBÁ,MATO GROSSO DO SUL,Brasil,5003207,50,33,,,,Pantanal,POINT (-18.83 -57.298)
focos_brasil_ontem_hoje_ref.4ca0377a-cd2a-3596-83da-972b63899352,4ca0377a-cd2a-3596-83da-972b63899352,-57.335,-18.871,2021-07-06T17:35:00,AQUA_M-T,CORUMBÁ,MATO GROSSO DO SUL,Brasil,5003207,50,33,,,,Pantanal,POINT (-18.871 -57.335)
focos_brasil_ontem_hoje_ref.c1588061-d4f5-30a2-800c-09aba2eb2665,c1588061-d4f5-30a2-800c-09aba2eb2665,-57.289,-18.829,2021-07-06T17:35:00,AQUA_M-T,CORUMBÁ,MATO GROSSO DO SUL,Brasil,5003207,50,33,,,,Pantanal,POINT (-18.829 -57.289)
focos_brasil_ontem_hoje_ref.f412a0df-f40a-3b1d-950c-04b490233e38,f412a0df-f40a-3b1d-950c-04b490233e38,-57.348,-18.828,2021-07-06T17:35:00,AQUA_M-T,CORUMBÁ,MATO GROSSO DO SUL,Brasil,5003207,50,33,,,,Pantanal,POINT (-18.828 -57.348)
focos_brasil_ontem_hoje_ref.58facd78-9914-3a42-99eb-4679cc69d14d,58facd78-9914-3a42-99eb-4679cc69d14d,-57.338,-18.827,2021-07-06T17:35:00,AQUA_M-T,CORUMBÁ,MATO GROSSO DO SUL,Brasil,5003207,50,33,,,,Pantanal,POINT (-18.827 -57.338)
focos_brasil_ontem_hoje_ref.778d1845-905d-3658-b1b1-cc809721bed9,778d1845-905d-3658-b1b1-cc809721bed9,-57.329,-18.825,2021-07-06T17:35:00,AQUA_M-T,CORUMBÁ,MATO GROSSO DO SUL,Brasil,5003207,50,33,,,,Pantanal,POINT (-18.825 -57.329)
focos_brasil_ontem_hoje_ref.e6a44590-47b2-34db-801f-10c88cfd25d7,e6a44590-47b2-34db-801f-10c88cfd25d7,-55.536,-29.481,2021-07-06T17:35:00,AQUA_M-T,MANOEL VIANA,RIO GRANDE DO SUL,Brasil,4311759,43,33,,,,Pampa,POINT (-29.481 -55.536)
focos_brasil_ontem_hoje_ref.1cd70364-cc94-3051-9e40-59419391915a,1cd70364-cc94-3051-9e40-59419391915a,-57.359,-18.821,2021-07-06T17:35:00,AQUA_M-T,CORUMBÁ,MATO GROSSO DO SUL,Brasil,5003207,50,33,,,,Pantanal,POINT (-18.821 -57.359)
focos_brasil_ontem_hoje_ref.c069b54d-2212-306f-a2a4-1e0c96b27ce0,c069b54d-2212-306f-a2a4-1e0c96b27ce0,-56.04,-29.258,2021-07-06T17:35:00,AQUA_M-T,ITAQUI,RIO GRANDE DO SUL,Brasil,4310603,43,33,,,,Pampa,POINT (-29.258 -56.04)
focos_brasil_ontem_hoje_ref.827395ce-422b-326f-9aec-05b6f59a63fe,827395ce-422b-326f-9aec-05b6f59a63fe,-56.03,-29.257,2021-07-06T17:35:00,AQUA_M-T,ITAQUI,RIO GRANDE DO SUL,Brasil,4310603,43,33,,,,Pampa,POINT (-29.257 -56.03)
focos_brasil_ontem_hoje_ref.7b172c09-0848-375c-b3bd-7a99a3d5d1d8,7b172c09-0848-375c-b3bd-7a99a3d5d1d8,-57.3,-18.821,2021-07-06T17:35:00,AQUA_M-T,CORUMBÁ,MATO GROSSO DO SUL,Brasil,5003207,50,33,,,,Pantanal,POINT (-18.821 -57.3)
focos_brasil_ontem_hoje_ref.6426fd34-f07b-3e44-89f2-be55d0e0d424,6426fd34-f07b-3e44-89f2-be55d0e0d424,-57.29,-18.82,2021-07-06T17:35:00,AQUA_M-T,CORUMBÁ,MATO GROSSO DO SUL,Brasil,5003207,50,33,,,,Pantanal,POINT (-18.82 -57.29)
focos_brasil_ontem_hoje_ref.c6a3ec55-5376-3f20-bbf5-f8548503414a,c6a3ec55-5376-3f20-bbf5-f8548503414a,-57.349,-18.819,2021-07-06T17:35:00,AQUA_M-T,CORUMBÁ,MATO GROSSO DO SUL,Brasil,5003207,50,33,,,,Pantanal,POINT (-18.819 -57.349)
focos_brasil_ontem_hoje_ref.f0b018bd-eec3-3a84-a4e4-86a5ec9e4cba,f0b018bd-eec3-3a84-a4e4-86a5ec9e4cba,-57.34,-18.818,2021-07-06T17:35:00,AQUA_M-T,CORUMBÁ,MATO GROSSO DO SUL,Brasil,5003207,50,33,,,,Pantanal,POINT (-18.818 -57.34)
focos_brasil_ontem_hoje_ref.a163afe1-07ee-361a-bf59-97861d4b81ae,a163afe1-07ee-361a-bf59-97861d4b81ae,-57.281,-18.818,2021-07-06T17:35:00,AQUA_M-T,CORUMBÁ,MATO GROSSO DO SUL,Brasil,5003207,50,33,,,,Pantanal,POINT (-18.818 -57.281)
focos_brasil_ontem_hoje_ref.4ae58163-be60-3e16-ac0e-50254716c60e,4ae58163-be60-3e16-ac0e-50254716c60e,-57.33,-18.816,2021-07-06T17:35:00,AQUA_M-T,CORUMBÁ,MATO GROSSO DO SUL,Brasil,5003207,50,33,,,,Pantanal,POINT (-18.816 -57.33)
focos_brasil_ontem_hoje_ref.64f5011f-dc90-343e-b0d7-9d972a602690,64f5011f-dc90-343e-b0d7-9d972a602690,-57.351,-18.81,2021-07-06T17:35:00,AQUA_M-T,CORUMBÁ,MATO GROSSO DO SUL,Brasil,5003207,50,33,,,,Pantanal,POINT (-18.81 -57.351)
focos_brasil_ontem_hoje_ref.f86fc125-493b-3d30-ac88-92f1b2cac512,f86fc125-493b-3d30-ac88-92f1b2cac512,-57.341,-18.809,2021-07-06T17:35:00,AQUA_M-T,CORUMBÁ,MATO GROSSO DO SUL,Brasil,5003207,50,33,,,,Pantanal,POINT (-18.809 -57.341)
focos_brasil_ontem_hoje_ref.cc9ef711-7ba9-32a0-8c4b-f8a0fd747020,cc9ef711-7ba9-32a0-8c4b-f8a0fd747020,-57.282,-18.809,2021-07-06T17:35:00,AQUA_M-T,CORUMBÁ,MATO GROSSO DO SUL,Brasil,5003207,50,33,,,,Pantanal,POINT (-18.809 -57.282)
focos_brasil_ontem_hoje_ref.965d3edb-52db-3208-8526-504eb24d259c,965d3edb-52db-3208-8526-504eb24d259c,-57.332,-18.807,2021-07-06T17:35:00,AQUA_M-T,CORUMBÁ,MATO GROSSO DO SUL,Brasil,5003207,50,33,,,,Pantanal,POINT (-18.807 -57.332)
focos_brasil_ontem_hoje_ref.1ed7693e-76fa-3a52-8cd6-059007141484,1ed7693e-76fa-3a52-8cd6-059007141484,-57.273,-18.808,2021-07-06T17:35:00,AQUA_M-T,CORUMBÁ,MATO GROSSO DO SUL,Brasil,5003207,50,33,,,,Pantanal,POINT (-18.808 -57.273)
focos_brasil_ontem_hoje_ref.9359c472-1c53-3b58-8e00-0816030bca81,9359c472-1c53-3b58-8e00-0816030bca81,-57.343,-18.8,2021-07-06T17:35:00,AQUA_M-T,CORUMBÁ,MATO GROSSO DO SUL,Brasil,5003207,50,33,,,,Pantanal,POINT (-18.8 -57.343)
focos_brasil_ontem_hoje_ref.53c68d19-97f2-3c26-a95c-b72ed7819684,53c68d19-97f2-3c26-a95c-b72ed7819684,-57.284,-18.8,2021-07-06T17:35:00,AQUA_M-T,CORUMBÁ,MATO GROSSO DO SUL,Brasil,5003207,50,33,,,,Pantanal,POINT (-18.8 -57.284)
focos_brasil_ontem_hoje_ref.49acac0c-9ff9-3895-87e6-7d2220996e4d,49acac0c-9ff9-3895-87e6-7d2220996e4d,-57.274,-18.799,2021-07-06T17:35:00,AQUA_M-T,CORUMBÁ,MATO GROSSO DO SUL,Brasil,5003207,50,33,,,,Pantanal,POINT (-18.799 -57.274)
focos_brasil_ontem_hoje_ref.8215195e-eda1-34a3-aee8-7b9c34e9666a,8215195e-eda1-34a3-aee8-7b9c34e9666a,-57.333,-18.798,2021-07-06T17:35:00,AQUA_M-T,CORUMBÁ,MATO GROSSO DO SUL,Brasil,5003207,50,33,,,,Pantanal,POINT (-18.798 -57.333)
focos_brasil_ontem_hoje_ref.25db67ed-d7b7-3768-a1c5-cc345cc8ea4f,25db67ed-d7b7-3768-a1c5-cc345cc8ea4f,-57.324,-18.797,2021-07-06T17:35:00,AQUA_M-T,CORUMBÁ,MATO GROSSO DO SUL,Brasil,5003207,50,33,,,,Pantanal,POINT (-18.797 -57.324)
focos_brasil_ontem_hoje_ref.062c9e0b-d7e4-3373-9831-d1e2e440ee97,062c9e0b-d7e4-3373-9831-d1e2e440ee97,-59.153,-16.182,2021-07-06T17:35:00,AQUA_M-T,PORTO ESPERIDIÃO,MATO GROSSO,Brasil,5106828,51,33,,,,Pantanal,POINT (-16.182 -59.153)
focos_brasil_ontem_hoje_ref.e5bdbdad-3dd4-3b58-9c26-c86a93039cf8,e5bdbdad-3dd4-3b58-9c26-c86a93039cf8,-57.314,-18.795,2021-07-06T17:35:00,AQUA_M-T,CORUMBÁ,MATO GROSSO DO SUL,Brasil,5003207,50,33,,,,Pantanal,POINT (-18.795 -57.314)
focos_brasil_ontem_hoje_ref.efb18ced-b441-3531-af35-e94f7712d994,efb18ced-b441-3531-af35-e94f7712d994,-57.344,-18.791,2021-07-06T17:35:00,AQUA_M-T,CORUMBÁ,MATO GROSSO DO SUL,Brasil,5003207,50,33,,,,Pantanal,POINT (-18.791 -57.344)
focos_brasil_ontem_hoje_ref.c8a206e9-b6ef-3e03-81ab-d6beea580827,c8a206e9-b6ef-3e03-81ab-d6beea580827,-55.825,-19.97,2021-07-06T17:35:00,AQUA_M-T,AQUIDAUANA,MATO GROSSO DO SUL,Brasil,5001102,50,33,,,,Pantanal,POINT (-19.97 -55.825)
focos_brasil_ontem_hoje_ref.73ddc3c2-c2f7-3bbf-92c5-afc88a5a6f93,73ddc3c2-c2f7-3bbf-92c5-afc88a5a6f93,-55.814,-19.969,2021-07-06T17:35:00,AQUA_M-T,AQUIDAUANA,MATO GROSSO DO SUL,Brasil,5001102,50,33,,,,Pantanal,POINT (-19.969 -55.814)
focos_brasil_ontem_hoje_ref.a1bea6b2-5ba9-3b41-ae24-590aad2fe682,a1bea6b2-5ba9-3b41-ae24-590aad2fe682,-57.285,-18.791,2021-07-06T17:35:00,AQUA_M-T,CORUMBÁ,MATO GROSSO DO SUL,Brasil,5003207,50,33,,,,Pantanal,POINT (-18.791 -57.285)
focos_brasil_ontem_hoje_ref.7e50b43f-eae0-3af1-a79c-17a9b272f5a7,7e50b43f-eae0-3af1-a79c-17a9b272f5a7,-55.674,-19.632,2021-07-06T17:35:00,AQUA_M-T,AQUIDAUANA,MATO GROSSO DO SUL,Brasil,5001102,50,33,,,,Pantanal,POINT (-19.632 -55.674)
focos_brasil_ontem_hoje_ref.4af0a35c-b9b7-35d1-b1c6-30eaa9ebde1c,4af0a35c-b9b7-35d1-b1c6-30eaa9ebde1c,-55.273,-23.948,2021-07-06T17:35:00,AQUA_M-T,PARANHOS,MATO GROSSO DO SUL,Brasil,5006358,50,33,,,,Mata Atlântica,POINT (-23.948 -55.273)
focos_brasil_ontem_hoje_ref.ae6a1ad3-c472-3967-88e9-5fa901d7dff6,ae6a1ad3-c472-3967-88e9-5fa901d7dff6,-57.316,-18.786,2021-07-06T17:35:00,AQUA_M-T,CORUMBÁ,MATO GROSSO DO SUL,Brasil,5003207,50,33,,,,Pantanal,POINT (-18.786 -57.316)
focos_brasil_ontem_hoje_ref.04ef7636-37a9-3028-9bbf-43009d49e3e9,04ef7636-37a9-3028-9bbf-43009d49e3e9,-57.306,-18.785,2021-07-06T17:35:00,AQUA_M-T,CORUMBÁ,MATO GROSSO DO SUL,Brasil,5003207,50,33,,,,Pantanal,POINT (-18.785 -57.306)
focos_brasil_ontem_hoje_ref.006ebead-3d92-3af2-b074-e0172467fea9,006ebead-3d92-3af2-b074-e0172467fea9,-57.287,-18.782,2021-07-06T17:35:00,AQUA_M-T,CORUMBÁ,MATO GROSSO DO SUL,Brasil,5003207,50,33,,,,Pantanal,POINT (-18.782 -57.287)
focos_brasil_ontem_hoje_ref.9548fc58-94a1-3f3c-9852-e27fa474d15f,9548fc58-94a1-3f3c-9852-e27fa474d15f,-57.296,-18.784,2021-07-06T17:35:00,AQUA_M-T,CORUMBÁ,MATO GROSSO DO SUL,Brasil,5003207,50,33,,,,Pantanal,POINT (-18.784 -57.296)
focos_brasil_ontem_hoje_ref.1b51f0a2-2762-36db-9647-f32c2bed5d2e,1b51f0a2-2762-36db-9647-f32c2bed5d2e,-57.298,-18.774,2021-07-06T17:35:00,AQUA_M-T,CORUMBÁ,MATO GROSSO DO SUL,Brasil,5003207,50,33,,,,Pantanal,POINT (-18.774 -57.298)
focos_brasil_ontem_hoje_ref.a17be4db-ad96-3b1b-971b-4001825a50e0,a17be4db-ad96-3b1b-971b-4001825a50e0,-56.117,-15.719,2021-07-06T17:35:00,AQUA_M-T,VÁRZEA GRANDE,MATO GROSSO,Brasil,5108402,51,33,,,,Pantanal,POINT (-15.719 -56.117)
focos_brasil_ontem_hoje_ref.ce1cc698-2d7d-3214-b6e1-13261988ef48,ce1cc698-2d7d-3214-b6e1-13261988ef48,-57.075,-20.535,2021-07-06T17:35:00,AQUA_M-T,PORTO MURTINHO,MATO GROSSO DO SUL,Brasil,5006903,50,33,,,,Cerrado,POINT (-20.535 -57.075)
focos_brasil_ontem_hoje_ref.0d3a55d0-c927-3f92-b57c-52ebd1f3d540,0d3a55d0-c927-3f92-b57c-52ebd1f3d540,-57.315,-19.034,2021-07-06T17:35:00,AQUA_M-T,CORUMBÁ,MATO GROSSO DO SUL,Brasil,5003207,50,33,,,,Pantanal,POINT (-19.034 -57.315)
focos_brasil_ontem_hoje_ref.272436ec-9cfd-3200-8613-b51ae857967e,272436ec-9cfd-3200-8613-b51ae857967e,-57.306,-19.033,2021-07-06T17:35:00,AQUA_M-T,CORUMBÁ,MATO GROSSO DO SUL,Brasil,5003207,50,33,,,,Pantanal,POINT (-19.033 -57.306)
focos_brasil_ontem_hoje_ref.be978b03-9703-3308-9b5c-a840bc179383,be978b03-9703-3308-9b5c-a840bc179383,-57.317,-19.025,2021-07-06T17:35:00,AQUA_M-T,CORUMBÁ,MATO GROSSO DO SUL,Brasil,5003207,50,33,,,,Pantanal,POINT (-19.025 -57.317)
focos_brasil_ontem_hoje_ref.5b9f1874-cd83-3ef3-8784-5df7d8c46b82,5b9f1874-cd83-3ef3-8784-5df7d8c46b82,-57.307,-19.023,2021-07-06T17:35:00,AQUA_M-T,CORUMBÁ,MATO GROSSO DO SUL,Brasil,5003207,50,33,,,,Pantanal,POINT (-19.023 -57.307)
focos_brasil_ontem_hoje_ref.7016e845-9c2b-3a95-b182-9a6bc689b1f1,7016e845-9c2b-3a95-b182-9a6bc689b1f1,-57.287,-19.003,2021-07-06T17:35:00,AQUA_M-T,CORUMBÁ,MATO GROSSO DO SUL,Brasil,5003207,50,33,,,,Pantanal,POINT (-19.003 -57.287)
focos_brasil_ontem_hoje_ref.10063b9f-4364-33c6-845f-1dd87cd1a409,10063b9f-4364-33c6-845f-1dd87cd1a409,-57.288,-18.994,2021-07-06T17:35:00,AQUA_M-T,CORUMBÁ,MATO GROSSO DO SUL,Brasil,5003207,50,33,,,,Pantanal,POINT (-18.994 -57.288)
focos_brasil_ontem_hoje_ref.df6d979d-099e-327b-9801-f87008378e31,df6d979d-099e-327b-9801-f87008378e31,-57.3,-18.987,2021-07-06T17:35:00,AQUA_M-T,CORUMBÁ,MATO GROSSO DO SUL,Brasil,5003207,50,33,,,,Pantanal,POINT (-18.987 -57.3)
focos_brasil_ontem_hoje_ref.edeaa369-ab62-30bd-8199-b6936f16eb4b,edeaa369-ab62-30bd-8199-b6936f16eb4b,-57.29,-18.985,2021-07-06T17:35:00,AQUA_M-T,CORUMBÁ,MATO GROSSO DO SUL,Brasil,5003207,50,33,,,,Pantanal,POINT (-18.985 -57.29)
focos_brasil_ontem_hoje_ref.24c22ad2-42c2-3464-8ade-248015b72690,24c22ad2-42c2-3464-8ade-248015b72690,-57.28,-18.984,2021-07-06T17:35:00,AQUA_M-T,CORUMBÁ,MATO GROSSO DO SUL,Brasil,5003207,50,33,,,,Pantanal,POINT (-18.984 -57.28)
focos_brasil_ontem_hoje_ref.d93f742c-c270-31a1-a661-f83188e11de9,d93f742c-c270-31a1-a661-f83188e11de9,-57.33,-18.982,2021-07-06T17:35:00,AQUA_M-T,CORUMBÁ,MATO GROSSO DO SUL,Brasil,5003207,50,33,,,,Pantanal,POINT (-18.982 -57.33)
focos_brasil_ontem_hoje_ref.ba08bc2a-cb50-3f85-badd-915fb4b52afc,ba08bc2a-cb50-3f85-badd-915fb4b52afc,-55.375,-20.711,2021-07-06T17:35:00,AQUA_M-T,DOIS IRMÃOS DO BURITI,MATO GROSSO DO SUL,Brasil,5003488,50,33,,,,Cerrado,POINT (-20.711 -55.375)
focos_brasil_ontem_hoje_ref.ed6a90b9-9447-357d-a052-018fdbdbfbc3,ed6a90b9-9447-357d-a052-018fdbdbfbc3,-55.388,-20.703,2021-07-06T17:35:00,AQUA_M-T,DOIS IRMÃOS DO BURITI,MATO GROSSO DO SUL,Brasil,5003488,50,33,,,,Cerrado,POINT (-20.703 -55.388)
focos_brasil_ontem_hoje_ref.6397d00d-6e0a-3f6c-a61b-e585b41a1626,6397d00d-6e0a-3f6c-a61b-e585b41a1626,-55.377,-20.701,2021-07-06T17:35:00,AQUA_M-T,DOIS IRMÃOS DO BURITI,MATO GROSSO DO SUL,Brasil,5003488,50,33,,,,Cerrado,POINT (-20.701 -55.377)
focos_brasil_ontem_hoje_ref.d5bbae85-f724-3213-87d4-db5b0fd06271,d5bbae85-f724-3213-87d4-db5b0fd06271,-55.007,-20.59,2021-07-06T17:35:00,AQUA_M-T,TERENOS,MATO GROSSO DO SUL,Brasil,5008008,50,33,,,,Cerrado,POINT (-20.59 -55.007)
focos_brasil_ontem_hoje_ref.90358e1a-2b47-36b7-9c01-a3f50f33f0d5,90358e1a-2b47-36b7-9c01-a3f50f33f0d5,-56.106,-22.25,2021-07-06T17:35:00,AQUA_M-T,ANTÔNIO JOÃO,MATO GROSSO DO SUL,Brasil,5000906,50,33,,,,Cerrado,POINT (-22.25 -56.106)
focos_brasil_ontem_hoje_ref.effe5326-94ce-35a5-81cd-2a9e1c783047,effe5326-94ce-35a5-81cd-2a9e1c783047,-56.096,-22.248,2021-07-06T17:35:00,AQUA_M-T,ANTÔNIO JOÃO,MATO GROSSO DO SUL,Brasil,5000906,50,33,,,,Cerrado,POINT (-22.248 -56.096)
focos_brasil_ontem_hoje_ref.13b1dd79-5c3e-3ae2-adcf-f77a881b99bc,13b1dd79-5c3e-3ae2-adcf-f77a881b99bc,-55.553,-21.796,2021-07-06T17:35:00,AQUA_M-T,MARACAJU,MATO GROSSO DO SUL,Brasil,5005400,50,33,,,,Cerrado,POINT (-21.796 -55.553)
focos_brasil_ontem_hoje_ref.abe79062-6db2-3294-82e8-962f897236d1,abe79062-6db2-3294-82e8-962f897236d1,-55.902,-21.742,2021-07-06T17:35:00,AQUA_M-T,PONTA PORÃ,MATO GROSSO DO SUL,Brasil,5006606,50,33,,,,Cerrado,POINT (-21.742 -55.902)
focos_brasil_ontem_hoje_ref.f2e7ddde-60cc-3aed-b2e4-58ede4b02827,f2e7ddde-60cc-3aed-b2e4-58ede4b02827,-55.816,-21.361,2021-07-06T17:35:00,AQUA_M-T,NIOAQUE,MATO GROSSO DO SUL,Brasil,5005806,50,33,,,,Cerrado,POINT (-21.361 -55.816)
focos_brasil_ontem_hoje_ref.b7d33171-b0e0-38d6-8217-a393a35e6346,b7d33171-b0e0-38d6-8217-a393a35e6346,-55.806,-21.359,2021-07-06T17:35:00,AQUA_M-T,NIOAQUE,MATO GROSSO DO SUL,Brasil,5005806,50,33,,,,Cerrado,POINT (-21.359 -55.806)
focos_brasil_ontem_hoje_ref.aa81a576-36b0-3d7e-b80c-2dc122bf0766,aa81a576-36b0-3d7e-b80c-2dc122bf0766,-54.977,-22.627,2021-07-06T17:35:00,AQUA_M-T,CAARAPÓ,MATO GROSSO DO SUL,Brasil,5002407,50,33,,,,Mata Atlântica,POINT (-22.627 -54.977)
focos_brasil_ontem_hoje_ref.a0e65ca3-5f19-3de6-9486-da25b12701c0,a0e65ca3-5f19-3de6-9486-da25b12701c0,-54.985,-22.623,2021-07-06T17:35:00,AQUA_M-T,CAARAPÓ,MATO GROSSO DO SUL,Brasil,5002407,50,33,,,,Mata Atlântica,POINT (-22.623 -54.985)
focos_brasil_ontem_hoje_ref.bbe395e8-15ef-3f78-8697-c7605a6f3456,bbe395e8-15ef-3f78-8697-c7605a6f3456,-57.301,-18.978,2021-07-06T17:35:00,AQUA_M-T,CORUMBÁ,MATO GROSSO DO SUL,Brasil,5003207,50,33,,,,Pantanal,POINT (-18.978 -57.301)
focos_brasil_ontem_hoje_ref.88c6bd3c-2bd5-3133-86e2-b4677408a18e,88c6bd3c-2bd5-3133-86e2-b4677408a18e,-57.291,-18.976,2021-07-06T17:35:00,AQUA_M-T,CORUMBÁ,MATO GROSSO DO SUL,Brasil,5003207,50,33,,,,Pantanal,POINT (-18.976 -57.291)
focos_brasil_ontem_hoje_ref.91dcd026-81da-3e07-9dd1-1035b52dfde5,91dcd026-81da-3e07-9dd1-1035b52dfde5,-57.322,-18.971,2021-07-06T17:35:00,AQUA_M-T,CORUMBÁ,MATO GROSSO DO SUL,Brasil,5003207,50,33,,,,Pantanal,POINT (-18.971 -57.322)
focos_brasil_ontem_hoje_ref.ad37ede8-70dc-3f0f-80ac-ceb24d989904,ad37ede8-70dc-3f0f-80ac-ceb24d989904,-57.325,-18.953,2021-07-06T17:35:00,AQUA_M-T,CORUMBÁ,MATO GROSSO DO SUL,Brasil,5003207,50,33,,,,Pantanal,POINT (-18.953 -57.325)
focos_brasil_ontem_hoje_ref.487fbef6-a140-36f4-931e-0f6de564e752,487fbef6-a140-36f4-931e-0f6de564e752,-57.355,-18.948,2021-07-06T17:35:00,AQUA_M-T,CORUMBÁ,MATO GROSSO DO SUL,Brasil,5003207,50,33,,,,Pantanal,POINT (-18.948 -57.355)
focos_brasil_ontem_hoje_ref.7c7360f6-fded-32d2-8170-7f95365b8489,7c7360f6-fded-32d2-8170-7f95365b8489,-57.345,-18.947,2021-07-06T17:35:00,AQUA_M-T,CORUMBÁ,MATO GROSSO DO SUL,Brasil,5003207,50,33,,,,Pantanal,POINT (-18.947 -57.345)
focos_brasil_ontem_hoje_ref.98d06476-3a69-381b-bb2c-c3885703103a,98d06476-3a69-381b-bb2c-c3885703103a,-57.337,-18.937,2021-07-06T17:35:00,AQUA_M-T,CORUMBÁ,MATO GROSSO DO SUL,Brasil,5003207,50,33,,,,Pantanal,POINT (-18.937 -57.337)
focos_brasil_ontem_hoje_ref.1b69bee9-a7a8-3334-ab41-15dd65cb1f6f,1b69bee9-a7a8-3334-ab41-15dd65cb1f6f,-57.328,-18.935,2021-07-06T17:35:00,AQUA_M-T,CORUMBÁ,MATO GROSSO DO SUL,Brasil,5003207,50,33,,,,Pantanal,POINT (-18.935 -57.328)
focos_brasil_ontem_hoje_ref.01a729a4-d0e2-31ca-891e-7d6efec0053d,01a729a4-d0e2-31ca-891e-7d6efec0053d,-57.374,-18.933,2021-07-06T17:35:00,AQUA_M-T,CORUMBÁ,MATO GROSSO DO SUL,Brasil,5003207,50,33,,,,Pantanal,POINT (-18.933 -57.374)
focos_brasil_ontem_hoje_ref.20c3eba0-2bd0-3c33-b411-8fb8d6d8061c,20c3eba0-2bd0-3c33-b411-8fb8d6d8061c,-57.375,-18.924,2021-07-06T17:35:00,AQUA_M-T,CORUMBÁ,MATO GROSSO DO SUL,Brasil,5003207,50,33,,,,Pantanal,POINT (-18.924 -57.375)
focos_brasil_ontem_hoje_ref.2a5601d5-1d04-3f3e-84d9-0d79e9c99adc,2a5601d5-1d04-3f3e-84d9-0d79e9c99adc,-58.136,-20.22,2021-07-06T17:35:00,AQUA_M-T,CORUMBÁ,MATO GROSSO DO SUL,Brasil,5003207,50,33,,,,Pantanal,POINT (-20.22 -58.136)
focos_brasil_ontem_hoje_ref.d86767f3-5546-32e2-9242-8a6625d0d7e0,d86767f3-5546-32e2-9242-8a6625d0d7e0,-57.91,-21.282,2021-07-06T17:35:00,AQUA_M-T,PORTO MURTINHO,MATO GROSSO DO SUL,Brasil,5006903,50,33,,,,Pantanal,POINT (-21.282 -57.91)
focos_brasil_ontem_hoje_ref.36ac6fc3-3860-3d93-add4-3c27995a272b,36ac6fc3-3860-3d93-add4-3c27995a272b,-50.421,-29.062,2021-07-06T17:35:00,AQUA_M-T,JAQUIRANA,RIO GRANDE DO SUL,Brasil,4311122,43,33,,,,Mata Atlântica,POINT (-29.062 -50.421)
focos_brasil_ontem_hoje_ref.1d027d33-0fcb-39d5-bb12-16f2d349e0c3,1d027d33-0fcb-39d5-bb12-16f2d349e0c3,-51.641,-28.629,2021-07-06T17:35:00,AQUA_M-T,GUABIJU,RIO GRANDE DO SUL,Brasil,4309258,43,33,,,,Mata Atlântica,POINT (-28.629 -51.641)
focos_brasil_ontem_hoje_ref.4eca4193-f28e-378f-83d2-b27b85bc4be1,4eca4193-f28e-378f-83d2-b27b85bc4be1,-51.65,-28.625,2021-07-06T17:35:00,AQUA_M-T,GUABIJU,RIO GRANDE DO SUL,Brasil,4309258,43,33,,,,Mata Atlântica,POINT (-28.625 -51.65)
focos_brasil_ontem_hoje_ref.e6e86070-f3f5-3113-900e-4afa217a2895,e6e86070-f3f5-3113-900e-4afa217a2895,-51.636,-28.623,2021-07-06T17:35:00,AQUA_M-T,GUABIJU,RIO GRANDE DO SUL,Brasil,4309258,43,33,,,,Mata Atlântica,POINT (-28.623 -51.636)
focos_brasil_ontem_hoje_ref.7f08a048-1aa6-34bf-a8c7-ed63d008613f,7f08a048-1aa6-34bf-a8c7-ed63d008613f,-51.524,-29.757,2021-07-06T17:35:00,AQUA_M-T,MONTENEGRO,RIO GRANDE DO SUL,Brasil,4312401,43,33,,,,Pampa,POINT (-29.757 -51.524)
focos_brasil_ontem_hoje_ref.e5d70a9c-81d4-37b6-9901-fe671f1ebfe4,e5d70a9c-81d4-37b6-9901-fe671f1ebfe4,-51.51,-29.754,2021-07-06T17:35:00,AQUA_M-T,MONTENEGRO,RIO GRANDE DO SUL,Brasil,4312401,43,33,,,,Pampa,POINT (-29.754 -51.51)
focos_brasil_ontem_hoje_ref.c801ffb8-96b4-38f0-9d77-9c789f55a684,c801ffb8-96b4-38f0-9d77-9c789f55a684,-51.341,-29.681,2021-07-06T17:35:00,AQUA_M-T,CAPELA DE SANTANA,RIO GRANDE DO SUL,Brasil,4304689,43,33,,,,Pampa,POINT (-29.681 -51.341)
focos_brasil_ontem_hoje_ref.182ee1db-5cac-3361-947a-fe9091e8979d,182ee1db-5cac-3361-947a-fe9091e8979d,-51.348,-29.677,2021-07-06T17:35:00,AQUA_M-T,CAPELA DE SANTANA,RIO GRANDE DO SUL,Brasil,4304689,43,33,,,,Pampa,POINT (-29.677 -51.348)
focos_brasil_ontem_hoje_ref.6241d676-5970-3440-b37f-b3e8b2f07243,6241d676-5970-3440-b37f-b3e8b2f07243,-51.809,-29.663,2021-07-06T17:35:00,AQUA_M-T,TAQUARI,RIO GRANDE DO SUL,Brasil,4321303,43,33,,,,Pampa,POINT (-29.663 -51.809)
focos_brasil_ontem_hoje_ref.6c4975d8-12a4-3e43-98cf-b03fe9e68776,6c4975d8-12a4-3e43-98cf-b03fe9e68776,-49.22,-14.863,2021-07-06T17:35:00,AQUA_M-T,SÃO LUIZ DO NORTE,GOIÁS,Brasil,5220157,52,33,,,,Cerrado,POINT (-14.863 -49.22)
focos_brasil_ontem_hoje_ref.20afcd37-12fa-32ef-b95e-033625876136,20afcd37-12fa-32ef-b95e-033625876136,-49.252,-14.859,2021-07-06T17:35:00,AQUA_M-T,SÃO LUIZ DO NORTE,GOIÁS,Brasil,5220157,52,33,,,,Cerrado,POINT (-14.859 -49.252)
focos_brasil_ontem_hoje_ref.4b7043c2-e95b-36ca-b025-64d95760fc67,4b7043c2-e95b-36ca-b025-64d95760fc67,-49.217,-14.852,2021-07-06T17:35:00,AQUA_M-T,SÃO LUIZ DO NORTE,GOIÁS,Brasil,5220157,52,33,,,,Cerrado,POINT (-14.852 -49.217)
focos_brasil_ontem_hoje_ref.b23f293a-7515-3363-940a-02eba7d87339,b23f293a-7515-3363-940a-02eba7d87339,-49.885,-15.813,2021-07-06T17:35:00,AQUA_M-T,GOIÁS,GOIÁS,Brasil,5208905,52,33,,,,Cerrado,POINT (-15.813 -49.885)
focos_brasil_ontem_hoje_ref.7e5a4cea-b9d4-34b9-af64-86bb1af54390,7e5a4cea-b9d4-34b9-af64-86bb1af54390,-49.877,-15.81,2021-07-06T17:35:00,AQUA_M-T,GOIÁS,GOIÁS,Brasil,5208905,52,33,,,,Cerrado,POINT (-15.81 -49.877)
focos_brasil_ontem_hoje_ref.d908bebe-d6d0-3561-b3b6-02c33884a996,d908bebe-d6d0-3561-b3b6-02c33884a996,-49.853,-15.807,2021-07-06T17:35:00,AQUA_M-T,GOIÁS,GOIÁS,Brasil,5208905,52,33,,,,Cerrado,POINT (-15.807 -49.853)
focos_brasil_ontem_hoje_ref.482603dc-f3ba-338d-bb22-ac5de5db3e41,482603dc-f3ba-338d-bb22-ac5de5db3e41,-49.846,-15.804,2021-07-06T17:35:00,AQUA_M-T,GOIÁS,GOIÁS,Brasil,5208905,52,33,,,,Cerrado,POINT (-15.804 -49.846)
focos_brasil_ontem_hoje_ref.2509706a-3105-3036-abb5-0f6723a56273,2509706a-3105-3036-abb5-0f6723a56273,-51.973,-24.807,2021-07-06T17:35:00,AQUA_M-T,SANTA MARIA DO OESTE,PARANÁ,Brasil,4123857,41,33,,,,Mata Atlântica,POINT (-24.807 -51.973)
focos_brasil_ontem_hoje_ref.c80d350a-c2d0-3d39-9b16-9e100274ffda,c80d350a-c2d0-3d39-9b16-9e100274ffda,-51.978,-24.806,2021-07-06T17:35:00,AQUA_M-T,SANTA MARIA DO OESTE,PARANÁ,Brasil,4123857,41,33,,,,Mata Atlântica,POINT (-24.806 -51.978)
focos_brasil_ontem_hoje_ref.aa8e5ee2-7226-3e8d-877b-b413d350a50b,aa8e5ee2-7226-3e8d-877b-b413d350a50b,-52.099,-24.7,2021-07-06T17:35:00,AQUA_M-T,MATO RICO,PARANÁ,Brasil,4115739,41,33,,,,Mata Atlântica,POINT (-24.7 -52.099)
focos_brasil_ontem_hoje_ref.c020d95f-1148-360a-97a4-aa5d1d5781ba,c020d95f-1148-360a-97a4-aa5d1d5781ba,-51.391,-24.194,2021-07-06T17:35:00,AQUA_M-T,GRANDES RIOS,PARANÁ,Brasil,4108700,41,33,,,,Mata Atlântica,POINT (-24.194 -51.391)
focos_brasil_ontem_hoje_ref.c7afea4e-fa33-34f0-93a9-5bc9516e3f75,c7afea4e-fa33-34f0-93a9-5bc9516e3f75,-51.482,-25.527,2021-07-06T17:35:00,AQUA_M-T,GUARAPUAVA,PARANÁ,Brasil,4109401,41,33,,,,Mata Atlântica,POINT (-25.527 -51.482)
focos_brasil_ontem_hoje_ref.9508d4f1-52a6-3bd5-b7b7-856f9e478a16,9508d4f1-52a6-3bd5-b7b7-856f9e478a16,-51.466,-25.525,2021-07-06T17:35:00,AQUA_M-T,GUARAPUAVA,PARANÁ,Brasil,4109401,41,33,,,,Mata Atlântica,POINT (-25.525 -51.466)
focos_brasil_ontem_hoje_ref.2eeeca9a-58e5-3188-b44a-7a3880fde18c,2eeeca9a-58e5-3188-b44a-7a3880fde18c,-52.411,-27.054,2021-07-06T17:35:00,AQUA_M-T,ARVOREDO,SANTA CATARINA,Brasil,4201653,42,33,,,,Mata Atlântica,POINT (-27.054 -52.411)
focos_brasil_ontem_hoje_ref.006eb5ec-28c4-33e7-91a5-77632ae88ed2,006eb5ec-28c4-33e7-91a5-77632ae88ed2,-52.112,-26.764,2021-07-06T17:35:00,AQUA_M-T,VARGEÃO,SANTA CATARINA,Brasil,4219101,42,33,,,,Mata Atlântica,POINT (-26.764 -52.112)
focos_brasil_ontem_hoje_ref.93d59889-71bc-30a0-a2c0-a894ca9ea35b,93d59889-71bc-30a0-a2c0-a894ca9ea35b,-52.107,-26.756,2021-07-06T17:35:00,AQUA_M-T,VARGEÃO,SANTA CATARINA,Brasil,4219101,42,33,,,,Mata Atlântica,POINT (-26.756 -52.107)
focos_brasil_ontem_hoje_ref.350f51d8-f5d7-331f-a26f-3a9aa07cc858,350f51d8-f5d7-331f-a26f-3a9aa07cc858,-52.776,-28.799,2021-07-06T17:35:00,AQUA_M-T,ESPUMOSO,RIO GRANDE DO SUL,Brasil,4307500,43,33,,,,Mata Atlântica,POINT (-28.799 -52.776)
focos_brasil_ontem_hoje_ref.41d93346-fcb2-3b08-9d56-2da26e080bc0,41d93346-fcb2-3b08-9d56-2da26e080bc0,-52.776,-30.717,2021-07-06T17:35:00,AQUA_M-T,ENCRUZILHADA DO SUL,RIO GRANDE DO SUL,Brasil,4306908,43,33,,,,Pampa,POINT (-30.717 -52.776)
focos_brasil_ontem_hoje_ref.1e5cc9b8-f90b-3476-8954-71f9f766b847,1e5cc9b8-f90b-3476-8954-71f9f766b847,-52.765,-30.715,2021-07-06T17:35:00,AQUA_M-T,ENCRUZILHADA DO SUL,RIO GRANDE DO SUL,Brasil,4306908,43,33,,,,Pampa,POINT (-30.715 -52.765)
focos_brasil_ontem_hoje_ref.a696bf4f-9d66-38d6-9393-e37e0e305d35,a696bf4f-9d66-38d6-9393-e37e0e305d35,-52.406,-30.502,2021-07-06T17:35:00,AQUA_M-T,ENCRUZILHADA DO SUL,RIO GRANDE DO SUL,Brasil,4306908,43,33,,,,Pampa,POINT (-30.502 -52.406)
focos_brasil_ontem_hoje_ref.c6612cd7-f42a-38ff-a59c-52767a8f74af,c6612cd7-f42a-38ff-a59c-52767a8f74af,-52.394,-30.5,2021-07-06T17:35:00,AQUA_M-T,DOM FELICIANO,RIO GRANDE DO SUL,Brasil,4306502,43,33,,,,Pampa,POINT (-30.5 -52.394)
focos_brasil_ontem_hoje_ref.4949752c-9103-373d-af28-02fac1484e10,4949752c-9103-373d-af28-02fac1484e10,-52.213,-30.285,2021-07-06T17:35:00,AQUA_M-T,PANTANO GRANDE,RIO GRANDE DO SUL,Brasil,4313953,43,33,,,,Pampa,POINT (-30.285 -52.213)
focos_brasil_ontem_hoje_ref.155f44e1-2659-3701-a745-51cef7e6e9a8,155f44e1-2659-3701-a745-51cef7e6e9a8,-50.932,-16.805,2021-07-06T17:35:00,AQUA_M-T,PARAÚNA,GOIÁS,Brasil,5216403,52,33,,,,Cerrado,POINT (-16.805 -50.932)
focos_brasil_ontem_hoje_ref.2bc2fc7b-5835-3c9b-b5cf-512cbd2475f0,2bc2fc7b-5835-3c9b-b5cf-512cbd2475f0,-51.648,-18.384,2021-07-06T17:35:00,AQUA_M-T,JATAÍ,GOIÁS,Brasil,5211909,52,33,,,,Cerrado,POINT (-18.384 -51.648)
focos_brasil_ontem_hoje_ref.4c95e60c-9c10-3045-9114-e887ec871059,4c95e60c-9c10-3045-9114-e887ec871059,-51.635,-18.381,2021-07-06T17:35:00,AQUA_M-T,JATAÍ,GOIÁS,Brasil,5211909,52,33,,,,Cerrado,POINT (-18.381 -51.635)
focos_brasil_ontem_hoje_ref.4ac7555f-d0e3-3c36-937d-4de95861e116,4ac7555f-d0e3-3c36-937d-4de95861e116,-51.628,-18.381,2021-07-06T17:35:00,AQUA_M-T,JATAÍ,GOIÁS,Brasil,5211909,52,33,,,,Cerrado,POINT (-18.381 -51.628)
focos_brasil_ontem_hoje_ref.81e06dde-8eae-324a-8abe-dbb4638455cd,81e06dde-8eae-324a-8abe-dbb4638455cd,-53.403,-23.733,2021-07-06T17:35:00,AQUA_M-T,UMUARAMA,PARANÁ,Brasil,4128104,41,33,,,,Mata Atlântica,POINT (-23.733 -53.403)
focos_brasil_ontem_hoje_ref.a5e52331-9c70-3448-834f-34fc03a960aa,a5e52331-9c70-3448-834f-34fc03a960aa,-53.285,-25.764,2021-07-06T17:35:00,AQUA_M-T,SALTO DO LONTRA,PARANÁ,Brasil,4123006,41,33,,,,Mata Atlântica,POINT (-25.764 -53.285)
focos_brasil_ontem_hoje_ref.d7ed7bf2-0e9f-3834-b2cb-6f9784c9c43b,d7ed7bf2-0e9f-3834-b2cb-6f9784c9c43b,-53.278,-25.763,2021-07-06T17:35:00,AQUA_M-T,SALTO DO LONTRA,PARANÁ,Brasil,4123006,41,33,,,,Mata Atlântica,POINT (-25.763 -53.278)
focos_brasil_ontem_hoje_ref.f082ccf7-d362-3fc1-a5d5-6468d7f8e1c0,f082ccf7-d362-3fc1-a5d5-6468d7f8e1c0,-54.243,-27.445,2021-07-06T17:35:00,AQUA_M-T,CRISSIUMAL,RIO GRANDE DO SUL,Brasil,4306007,43,33,,,,Mata Atlântica,POINT (-27.445 -54.243)
focos_brasil_ontem_hoje_ref.42471b07-1add-33ff-8db1-f61aafa4c41e,42471b07-1add-33ff-8db1-f61aafa4c41e,-54.232,-27.444,2021-07-06T17:35:00,AQUA_M-T,CRISSIUMAL,RIO GRANDE DO SUL,Brasil,4306007,43,33,,,,Mata Atlântica,POINT (-27.444 -54.232)
focos_brasil_ontem_hoje_ref.9ca9e440-d824-3b6b-a1ce-4e1bca617622,9ca9e440-d824-3b6b-a1ce-4e1bca617622,-57.518,-21.603,2021-07-06T17:35:00,AQUA_M-T,PORTO MURTINHO,MATO GROSSO DO SUL,Brasil,5006903,50,33,,,,Cerrado,POINT (-21.603 -57.518)
focos_brasil_ontem_hoje_ref.197b6084-a400-39db-8e1c-e938c44c13a6,197b6084-a400-39db-8e1c-e938c44c13a6,-47.537,-20.618,2021-07-06T17:35:00,AQUA_M-T,RESTINGA,SÃO PAULO,Brasil,3542701,35,33,,,,Cerrado,POINT (-20.618 -47.537)
focos_brasil_ontem_hoje_ref.2f6a04f9-c582-3da0-a493-fbb2ebea183c,2f6a04f9-c582-3da0-a493-fbb2ebea183c,-48.712,-20.512,2021-07-06T17:35:00,AQUA_M-T,BARRETOS,SÃO PAULO,Brasil,3505500,35,33,,,,Cerrado,POINT (-20.512 -48.712)
focos_brasil_ontem_hoje_ref.b175e6a4-87f8-3aad-9a68-ffb521524f31,b175e6a4-87f8-3aad-9a68-ffb521524f31,-52.789,-16.331,2021-07-06T17:35:00,AQUA_M-T,TORIXORÉU,MATO GROSSO,Brasil,5108204,51,33,,,,Cerrado,POINT (-16.331 -52.789)
focos_brasil_ontem_hoje_ref.4d53d335-7918-399f-8ddc-c5c27d376f6c,4d53d335-7918-399f-8ddc-c5c27d376f6c,-52.276,-17.55,2021-07-06T17:35:00,AQUA_M-T,PEROLÂNDIA,GOIÁS,Brasil,5216452,52,33,,,,Cerrado,POINT (-17.55 -52.276)
focos_brasil_ontem_hoje_ref.37df6561-4ef4-35c6-abcd-4cda44082d71,37df6561-4ef4-35c6-abcd-4cda44082d71,-52.284,-17.547,2021-07-06T17:35:00,AQUA_M-T,PEROLÂNDIA,GOIÁS,Brasil,5216452,52,33,,,,Cerrado,POINT (-17.547 -52.284)
focos_brasil_ontem_hoje_ref.8d43d89f-7bd0-3669-a29f-eb173cf44978,8d43d89f-7bd0-3669-a29f-eb173cf44978,-52.305,-17.538,2021-07-06T17:35:00,AQUA_M-T,PEROLÂNDIA,GOIÁS,Brasil,5216452,52,33,,,,Cerrado,POINT (-17.538 -52.305)
focos_brasil_ontem_hoje_ref.e86cced1-e659-3a2a-8ce2-1df3e00acb9d,e86cced1-e659-3a2a-8ce2-1df3e00acb9d,-43.381,-5.068,2021-07-06T16:00:00,AQUA_M-T,CAXIAS,MARANHÃO,Brasil,2103000,21,33,,,,Cerrado,POINT (-5.068 -43.381)
focos_brasil_ontem_hoje_ref.55adfa26-d2ff-329d-b86c-9b9379ac51a8,55adfa26-d2ff-329d-b86c-9b9379ac51a8,-43.359,-5.065,2021-07-06T16:00:00,AQUA_M-T,CAXIAS,MARANHÃO,Brasil,2103000,21,33,,,,Cerrado,POINT (-5.065 -43.359)
focos_brasil_ontem_hoje_ref.457cef00-6ef8-3098-97f9-ebfc345d61b4,457cef00-6ef8-3098-97f9-ebfc345d61b4,-43.383,-5.055,2021-07-06T16:00:00,AQUA_M-T,CAXIAS,MARANHÃO,Brasil,2103000,21,33,,,,Cerrado,POINT (-5.055 -43.383)
focos_brasil_ontem_hoje_ref.dd9ff1d1-ccba-388b-8021-ccdc2c13ccd0,dd9ff1d1-ccba-388b-8021-ccdc2c13ccd0,-43.244,-4.57,2021-07-06T16:00:00,AQUA_M-T,ALDEIAS ALTAS,MARANHÃO,Brasil,2100303,21,33,,,,Cerrado,POINT (-4.57 -43.244)
focos_brasil_ontem_hoje_ref.eebf4250-a65f-3eea-bb4e-84f67eab505d,eebf4250-a65f-3eea-bb4e-84f67eab505d,-43.238,-4.566,2021-07-06T16:00:00,AQUA_M-T,ALDEIAS ALTAS,MARANHÃO,Brasil,2100303,21,33,,,,Cerrado,POINT (-4.566 -43.238)
focos_brasil_ontem_hoje_ref.7f76e455-b0af-3dfa-a0d0-012f421e8016,7f76e455-b0af-3dfa-a0d0-012f421e8016,-40.604,-4.21,2021-07-06T16:00:00,AQUA_M-T,PIRES FERREIRA,CEARÁ,Brasil,2310951,23,33,,,,Caatinga,POINT (-4.21 -40.604)
focos_brasil_ontem_hoje_ref.c50ec9c2-02e2-3827-a5be-d6e740a79517,c50ec9c2-02e2-3827-a5be-d6e740a79517,-40.591,-4.208,2021-07-06T16:00:00,AQUA_M-T,PIRES FERREIRA,CEARÁ,Brasil,2310951,23,33,,,,Caatinga,POINT (-4.208 -40.591)
focos_brasil_ontem_hoje_ref.99ed0ae6-37ae-36c0-a26f-796020f873b3,99ed0ae6-37ae-36c0-a26f-796020f873b3,-41.663,-3.955,2021-07-06T16:00:00,AQUA_M-T,PIRACURUCA,PIAUÍ,Brasil,2208304,22,33,,,,Caatinga,POINT (-3.955 -41.663)
focos_brasil_ontem_hoje_ref.023a52f6-7a47-3a56-ac70-e8ad629e400d,023a52f6-7a47-3a56-ac70-e8ad629e400d,-43.211,-3.886,2021-07-06T16:00:00,AQUA_M-T,CHAPADINHA,MARANHÃO,Brasil,2103208,21,33,,,,Cerrado,POINT (-3.886 -43.211)
focos_brasil_ontem_hoje_ref.72ae1539-418d-3215-9336-b54eecbff6d7,72ae1539-418d-3215-9336-b54eecbff6d7,-41.588,-3.554,2021-07-06T16:00:00,AQUA_M-T,COCAL,PIAUÍ,Brasil,2202703,22,33,,,,Caatinga,POINT (-3.554 -41.588)
focos_brasil_ontem_hoje_ref.483540f7-a97e-38f2-a592-6c0af621fae2,483540f7-a97e-38f2-a592-6c0af621fae2,-42.71,-3.187,2021-07-06T16:00:00,AQUA_M-T,SANTANA DO MARANHÃO,MARANHÃO,Brasil,2110237,21,33,,,,Cerrado,POINT (-3.187 -42.71)
focos_brasil_ontem_hoje_ref.726a57ff-b523-31ab-8f90-161872aceec4,726a57ff-b523-31ab-8f90-161872aceec4,-42.692,-3.185,2021-07-06T16:00:00,AQUA_M-T,SANTANA DO MARANHÃO,MARANHÃO,Brasil,2110237,21,33,,,,Cerrado,POINT (-3.185 -42.692)
focos_brasil_ontem_hoje_ref.68f1f730-6b1b-303c-8fba-3cd7f1ac0bf2,68f1f730-6b1b-303c-8fba-3cd7f1ac0bf2,-42.284,-3.158,2021-07-06T16:00:00,AQUA_M-T,SÃO BERNARDO,MARANHÃO,Brasil,2110609,21,33,,,,Cerrado,POINT (-3.158 -42.284)
focos_brasil_ontem_hoje_ref.c9dbd809-da70-3d1e-ba1f-a55b7ff9c873,c9dbd809-da70-3d1e-ba1f-a55b7ff9c873,-43.421,-3.065,2021-07-06T16:00:00,AQUA_M-T,BELÁGUA,MARANHÃO,Brasil,2101731,21,33,,,,Cerrado,POINT (-3.065 -43.421)
focos_brasil_ontem_hoje_ref.4e90ee9c-908e-3f01-9a0e-6557979794b4,4e90ee9c-908e-3f01-9a0e-6557979794b4,-41.341,-2.947,2021-07-06T16:00:00,AQUA_M-T,CAJUEIRO DA PRAIA,PIAUÍ,Brasil,2202083,22,33,,,,Caatinga,POINT (-2.947 -41.341)
focos_brasil_ontem_hoje_ref.7beb5a32-bf2b-3fac-b55d-5cec140f357f,7beb5a32-bf2b-3fac-b55d-5cec140f357f,-39.409,-17.266,2021-07-06T16:00:00,AQUA_M-T,PRADO,BAHIA,Brasil,2925501,29,33,,,,Mata Atlântica,POINT (-17.266 -39.409)
focos_brasil_ontem_hoje_ref.aaf58290-8da1-3cf1-a075-2ffce7145150,aaf58290-8da1-3cf1-a075-2ffce7145150,-39.411,-17.254,2021-07-06T16:00:00,AQUA_M-T,PRADO,BAHIA,Brasil,2925501,29,33,,,,Mata Atlântica,POINT (-17.254 -39.411)
focos_brasil_ontem_hoje_ref.dfc3a823-7a11-375b-8a9f-54d4d6d1d09b,dfc3a823-7a11-375b-8a9f-54d4d6d1d09b,-39.393,-17.252,2021-07-06T16:00:00,AQUA_M-T,PRADO,BAHIA,Brasil,2925501,29,33,,,,Mata Atlântica,POINT (-17.252 -39.393)
focos_brasil_ontem_hoje_ref.ee251fb7-43ea-362e-accc-8a13514250c3,ee251fb7-43ea-362e-accc-8a13514250c3,-40.62,-16.692,2021-07-06T16:00:00,AQUA_M-T,RIO DO PRADO,MINAS GERAIS,Brasil,3155108,31,33,,,,Mata Atlântica,POINT (-16.692 -40.62)
focos_brasil_ontem_hoje_ref.7c981928-5cc3-336d-9866-a17adc44a500,7c981928-5cc3-336d-9866-a17adc44a500,-40.599,-16.69,2021-07-06T16:00:00,AQUA_M-T,RIO DO PRADO,MINAS GERAIS,Brasil,3155108,31,33,,,,Mata Atlântica,POINT (-16.69 -40.599)
focos_brasil_ontem_hoje_ref.91e9d9b0-98a9-3968-8c59-aa2b9bc1f8e8,91e9d9b0-98a9-3968-8c59-aa2b9bc1f8e8,-40.616,-16.689,2021-07-06T16:00:00,AQUA_M-T,RIO DO PRADO,MINAS GERAIS,Brasil,3155108,31,33,,,,Mata Atlântica,POINT (-16.689 -40.616)
focos_brasil_ontem_hoje_ref.e461b660-d20b-3d31-9e36-1c2d94ed335c,e461b660-d20b-3d31-9e36-1c2d94ed335c,-40.224,-15.283,2021-07-06T16:00:00,AQUA_M-T,ITAPETINGA,BAHIA,Brasil,2916401,29,33,,,,Mata Atlântica,POINT (-15.283 -40.224)
focos_brasil_ontem_hoje_ref.5a38706c-b7ee-3d45-9937-67fe3e059e3c,5a38706c-b7ee-3d45-9937-67fe3e059e3c,-40.231,-15.281,2021-07-06T16:00:00,AQUA_M-T,ITAPETINGA,BAHIA,Brasil,2916401,29,33,,,,Mata Atlântica,POINT (-15.281 -40.231)
focos_brasil_ontem_hoje_ref.cb455878-94fe-3147-8862-9a897d75237d,cb455878-94fe-3147-8862-9a897d75237d,-42.882,-13.942,2021-07-06T16:00:00,AQUA_M-T,MATINA,BAHIA,Brasil,2921054,29,33,,,,Caatinga,POINT (-13.942 -42.882)
focos_brasil_ontem_hoje_ref.e08e6fa5-6ce4-32d5-8000-2b212a55d0d7,e08e6fa5-6ce4-32d5-8000-2b212a55d0d7,-42.875,-13.942,2021-07-06T16:00:00,AQUA_M-T,MATINA,BAHIA,Brasil,2921054,29,33,,,,Caatinga,POINT (-13.942 -42.875)
focos_brasil_ontem_hoje_ref.d7e6df18-dc2d-3829-86da-d50cebb6e710,d7e6df18-dc2d-3829-86da-d50cebb6e710,-42.854,-13.939,2021-07-06T16:00:00,AQUA_M-T,MATINA,BAHIA,Brasil,2921054,29,33,,,,Caatinga,POINT (-13.939 -42.854)
focos_brasil_ontem_hoje_ref.d7b05788-0590-3652-ac7f-c846d6f99afa,d7b05788-0590-3652-ac7f-c846d6f99afa,-45.348,-13.006,2021-07-06T16:00:00,AQUA_M-T,SÃO DESIDÉRIO,BAHIA,Brasil,2928901,29,33,,,,Cerrado,POINT (-13.006 -45.348)
focos_brasil_ontem_hoje_ref.3b3025c9-2beb-3ba0-915f-b33fabe695cf,3b3025c9-2beb-3ba0-915f-b33fabe695cf,-45.343,-12.989,2021-07-06T16:00:00,AQUA_M-T,SÃO DESIDÉRIO,BAHIA,Brasil,2928901,29,33,,,,Cerrado,POINT (-12.989 -45.343)
focos_brasil_ontem_hoje_ref.1d1055d0-c767-3393-9928-4965ad019d51,1d1055d0-c767-3393-9928-4965ad019d51,-44.529,-12.852,2021-07-06T16:00:00,AQUA_M-T,BAIANÓPOLIS,BAHIA,Brasil,2902500,29,33,,,,Cerrado,POINT (-12.852 -44.529)
focos_brasil_ontem_hoje_ref.994ee991-50b6-3820-b11b-4b7970f2f7f5,994ee991-50b6-3820-b11b-4b7970f2f7f5,-43.299,-5.491,2021-07-06T16:00:00,AQUA_M-T,MATÕES,MARANHÃO,Brasil,2106607,21,33,,,,Cerrado,POINT (-5.491 -43.299)
focos_brasil_ontem_hoje_ref.0932ed32-b7ba-3739-9578-c64e60f06196,0932ed32-b7ba-3739-9578-c64e60f06196,-45.381,-6.102,2021-07-06T16:00:00,AQUA_M-T,FERNANDO FALCÃO,MARANHÃO,Brasil,2104081,21,33,,,,Cerrado,POINT (-6.102 -45.381)
focos_brasil_ontem_hoje_ref.29e78df4-7fc8-30dc-bb04-89cb974bfd8c,29e78df4-7fc8-30dc-bb04-89cb974bfd8c,-45.39,-6.094,2021-07-06T16:00:00,AQUA_M-T,FERNANDO FALCÃO,MARANHÃO,Brasil,2104081,21,33,,,,Cerrado,POINT (-6.094 -45.39)
focos_brasil_ontem_hoje_ref.d3b3c84f-b491-373d-b3da-f3f31ba33a37,d3b3c84f-b491-373d-b3da-f3f31ba33a37,-45.627,-5.762,2021-07-06T16:00:00,AQUA_M-T,GRAJAÚ,MARANHÃO,Brasil,2104800,21,33,,,,Cerrado,POINT (-5.762 -45.627)
focos_brasil_ontem_hoje_ref.238c880b-584d-3f89-9f3a-0afed71fbb4f,238c880b-584d-3f89-9f3a-0afed71fbb4f,-45.594,-5.758,2021-07-06T16:00:00,AQUA_M-T,GRAJAÚ,MARANHÃO,Brasil,2104800,21,33,,,,Cerrado,POINT (-5.758 -45.594)
focos_brasil_ontem_hoje_ref.e686378a-8d71-389e-8868-933b93a8e995,e686378a-8d71-389e-8868-933b93a8e995,-45.621,-5.753,2021-07-06T16:00:00,AQUA_M-T,GRAJAÚ,MARANHÃO,Brasil,2104800,21,33,,,,Cerrado,POINT (-5.753 -45.621)
focos_brasil_ontem_hoje_ref.ce6f557e-f1a7-3ddf-b6a2-5b88c5a49571,ce6f557e-f1a7-3ddf-b6a2-5b88c5a49571,-43.315,-5.488,2021-07-06T16:00:00,AQUA_M-T,MATÕES,MARANHÃO,Brasil,2106607,21,33,,,,Cerrado,POINT (-5.488 -43.315)
focos_brasil_ontem_hoje_ref.1496b655-1bfd-33db-817b-a581b439ee41,1496b655-1bfd-33db-817b-a581b439ee41,-43.293,-5.486,2021-07-06T16:00:00,AQUA_M-T,MATÕES,MARANHÃO,Brasil,2106607,21,33,,,,Cerrado,POINT (-5.486 -43.293)
focos_brasil_ontem_hoje_ref.106336dc-e78e-3ad5-84e5-12b1dfce6f5f,106336dc-e78e-3ad5-84e5-12b1dfce6f5f,-43.725,-5.422,2021-07-06T16:00:00,AQUA_M-T,PARNARAMA,MARANHÃO,Brasil,2107803,21,33,,,,Cerrado,POINT (-5.422 -43.725)
focos_brasil_ontem_hoje_ref.a2dfb258-fcd1-333d-b769-e385a35863bc,a2dfb258-fcd1-333d-b769-e385a35863bc,-43.729,-5.432,2021-07-06T16:00:00,AQUA_M-T,PARNARAMA,MARANHÃO,Brasil,2107803,21,33,,,,Cerrado,POINT (-5.432 -43.729)
focos_brasil_ontem_hoje_ref.3735ed20-7dbe-3241-9cc9-93b71213db7c,3735ed20-7dbe-3241-9cc9-93b71213db7c,-43.731,-5.418,2021-07-06T16:00:00,AQUA_M-T,PARNARAMA,MARANHÃO,Brasil,2107803,21,33,,,,Cerrado,POINT (-5.418 -43.731)
focos_brasil_ontem_hoje_ref.51d7e4ed-8a2a-39c3-9bc0-81643cb35a7f,51d7e4ed-8a2a-39c3-9bc0-81643cb35a7f,-43.707,-5.414,2021-07-06T16:00:00,AQUA_M-T,PARNARAMA,MARANHÃO,Brasil,2107803,21,33,,,,Cerrado,POINT (-5.414 -43.707)
focos_brasil_ontem_hoje_ref.27f2cec2-9e57-35fd-ba4c-f1bf308c9f8f,27f2cec2-9e57-35fd-ba4c-f1bf308c9f8f,-43.474,-5.291,2021-07-06T16:00:00,AQUA_M-T,MATÕES,MARANHÃO,Brasil,2106607,21,33,,,,Cerrado,POINT (-5.291 -43.474)
focos_brasil_ontem_hoje_ref.d5a9c548-cd62-3863-8d76-11ffeb454078,d5a9c548-cd62-3863-8d76-11ffeb454078,-44.285,-3.291,2021-07-06T16:00:00,AQUA_M-T,ITAPECURU MIRIM,MARANHÃO,Brasil,2105401,21,33,,,,Amazônia,POINT (-3.291 -44.285)
focos_brasil_ontem_hoje_ref.b540a153-df42-317d-ada9-a5f8bafa5c47,b540a153-df42-317d-ada9-a5f8bafa5c47,-38.419,-8.845,2021-07-06T16:00:00,AQUA_M-T,PETROLÂNDIA,PERNAMBUCO,Brasil,2611002,26,33,,,,Caatinga,POINT (-8.845 -38.419)
focos_brasil_ontem_hoje_ref.ed5b8ee1-e990-3773-b021-fb7f72faec61,ed5b8ee1-e990-3773-b021-fb7f72faec61,-44.009,-7.806,2021-07-06T16:00:00,AQUA_M-T,SEBASTIÃO LEAL,PIAUÍ,Brasil,2210631,22,33,,,,Cerrado,POINT (-7.806 -44.009)
focos_brasil_ontem_hoje_ref.ef571eca-40bd-3a8e-bcdb-c6daeda720cf,ef571eca-40bd-3a8e-bcdb-c6daeda720cf,-43.377,-7.422,2021-07-06T16:00:00,AQUA_M-T,CANAVIEIRA,PIAUÍ,Brasil,2202251,22,33,,,,Cerrado,POINT (-7.422 -43.377)
focos_brasil_ontem_hoje_ref.5bdd85c5-ce7d-38c1-97f5-f7138c6e3444,5bdd85c5-ce7d-38c1-97f5-f7138c6e3444,-43.383,-7.418,2021-07-06T16:00:00,AQUA_M-T,CANAVIEIRA,PIAUÍ,Brasil,2202251,22,33,,,,Cerrado,POINT (-7.418 -43.383)
focos_brasil_ontem_hoje_ref.ef04cb19-866b-334f-8c4a-fbd435691019,ef04cb19-866b-334f-8c4a-fbd435691019,-44.537,-7.344,2021-07-06T16:00:00,AQUA_M-T,URUÇUÍ,PIAUÍ,Brasil,2211209,22,33,,,,Cerrado,POINT (-7.344 -44.537)
focos_brasil_ontem_hoje_ref.6f93f2f0-38fe-33ab-bd29-bd1052990555,6f93f2f0-38fe-33ab-bd29-bd1052990555,-45.682,-4.624,2021-07-06T16:00:00,AQUA_M-T,PAULO RAMOS,MARANHÃO,Brasil,2108108,21,33,,,,Amazônia,POINT (-4.624 -45.682)
focos_brasil_ontem_hoje_ref.97b36e21-21f5-3663-b3d4-f8b1569e806a,97b36e21-21f5-3663-b3d4-f8b1569e806a,-45.678,-4.615,2021-07-06T16:00:00,AQUA_M-T,PAULO RAMOS,MARANHÃO,Brasil,2108108,21,33,,,,Amazônia,POINT (-4.615 -45.678)
focos_brasil_ontem_hoje_ref.9fbe26a6-713b-3127-b890-51b0ee4dbc05,9fbe26a6-713b-3127-b890-51b0ee4dbc05,-42.882,-7.232,2021-07-06T16:00:00,AQUA_M-T,FLORIANO,PIAUÍ,Brasil,2203909,22,33,,,,Caatinga,POINT (-7.232 -42.882)
focos_brasil_ontem_hoje_ref.fb86f0c3-947f-3da9-8a7d-edacc9c5c0bd,fb86f0c3-947f-3da9-8a7d-edacc9c5c0bd,-43.835,-7.041,2021-07-06T16:00:00,AQUA_M-T,MARCOS PARENTE,PIAUÍ,Brasil,2206001,22,33,,,,Cerrado,POINT (-7.041 -43.835)
focos_brasil_ontem_hoje_ref.88865adc-abf0-39bc-a15b-5655696ee301,88865adc-abf0-39bc-a15b-5655696ee301,-42.925,-7,2021-07-06T16:00:00,AQUA_M-T,FLORIANO,PIAUÍ,Brasil,2203909,22,33,,,,Caatinga,POINT (-7 -42.925)
focos_brasil_ontem_hoje_ref.c53af5ca-ed71-34d4-a4ce-540bb8a5fbe7,c53af5ca-ed71-34d4-a4ce-540bb8a5fbe7,-42.931,-6.992,2021-07-06T16:00:00,AQUA_M-T,FLORIANO,PIAUÍ,Brasil,2203909,22,33,,,,Caatinga,POINT (-6.992 -42.931)
focos_brasil_ontem_hoje_ref.3d7fae38-dbcc-331f-9d59-fc5e0a4fc113,3d7fae38-dbcc-331f-9d59-fc5e0a4fc113,-42.939,-6.82,2021-07-06T16:00:00,AQUA_M-T,FLORIANO,PIAUÍ,Brasil,2203909,22,33,,,,Caatinga,POINT (-6.82 -42.939)
focos_brasil_ontem_hoje_ref.784e911c-17db-3bb6-bf39-f59aa03444c5,784e911c-17db-3bb6-bf39-f59aa03444c5,-43.339,-6.753,2021-07-06T16:00:00,AQUA_M-T,BARÃO DE GRAJAÚ,MARANHÃO,Brasil,2101509,21,33,,,,Caatinga,POINT (-6.753 -43.339)
focos_brasil_ontem_hoje_ref.e59120a0-ca26-38af-b4fb-367035db7416,e59120a0-ca26-38af-b4fb-367035db7416,-43.347,-6.747,2021-07-06T16:00:00,AQUA_M-T,BARÃO DE GRAJAÚ,MARANHÃO,Brasil,2101509,21,33,,,,Caatinga,POINT (-6.747 -43.347)
focos_brasil_ontem_hoje_ref.43974588-b7d5-3940-a899-175b42534734,43974588-b7d5-3940-a899-175b42534734,-44.537,-12.846,2021-07-06T16:00:00,AQUA_M-T,BAIANÓPOLIS,BAHIA,Brasil,2902500,29,33,,,,Cerrado,POINT (-12.846 -44.537)
focos_brasil_ontem_hoje_ref.8e4dec6c-6300-385e-a401-9ee5b4b8f7ac,8e4dec6c-6300-385e-a401-9ee5b4b8f7ac,-38.508,-6.685,2021-07-06T16:00:00,AQUA_M-T,SÃO JOÃO DO RIO DO PEIXE,PARAÍBA,Brasil,2500700,25,33,,,,Caatinga,POINT (-6.685 -38.508)
focos_brasil_ontem_hoje_ref.15a921a0-8b7f-3045-a00d-30441a8c904b,15a921a0-8b7f-3045-a00d-30441a8c904b,-43.591,-5.749,2021-07-06T16:00:00,AQUA_M-T,PARNARAMA,MARANHÃO,Brasil,2107803,21,33,,,,Cerrado,POINT (-5.749 -43.591)
focos_brasil_ontem_hoje_ref.db2bbfbd-6c28-320f-a98c-7a581884f6c1,db2bbfbd-6c28-320f-a98c-7a581884f6c1,-43.313,-5.502,2021-07-06T16:00:00,AQUA_M-T,MATÕES,MARANHÃO,Brasil,2106607,21,33,,,,Cerrado,POINT (-5.502 -43.313)
focos_brasil_ontem_hoje_ref.45e7c1a7-41e5-33e8-9084-ed13825a02b2,45e7c1a7-41e5-33e8-9084-ed13825a02b2,-43.321,-5.494,2021-07-06T16:00:00,AQUA_M-T,MATÕES,MARANHÃO,Brasil,2106607,21,33,,,,Cerrado,POINT (-5.494 -43.321)
focos_brasil_ontem_hoje_ref.6d266cd5-9941-3807-bf25-1723af4af7a1,6d266cd5-9941-3807-bf25-1723af4af7a1,-44.637,-6.524,2021-07-06T16:00:00,AQUA_M-T,MIRADOR,MARANHÃO,Brasil,2106706,21,33,,,,Cerrado,POINT (-6.524 -44.637)
focos_brasil_ontem_hoje_ref.cdd7aef0-584c-3a35-ab97-04f2d4e14fa1,cdd7aef0-584c-3a35-ab97-04f2d4e14fa1,-44.488,-6.232,2021-07-06T16:00:00,AQUA_M-T,MIRADOR,MARANHÃO,Brasil,2106706,21,33,,,,Cerrado,POINT (-6.232 -44.488)
focos_brasil_ontem_hoje_ref.f8110670-5c29-3f13-89b5-c5024eeff728,f8110670-5c29-3f13-89b5-c5024eeff728,-44.461,-6.229,2021-07-06T16:00:00,AQUA_M-T,MIRADOR,MARANHÃO,Brasil,2106706,21,33,,,,Cerrado,POINT (-6.229 -44.461)
focos_brasil_ontem_hoje_ref.52cf074b-eab5-33d2-9c5e-26aab269d294,52cf074b-eab5-33d2-9c5e-26aab269d294,-44.49,-6.217,2021-07-06T16:00:00,AQUA_M-T,MIRADOR,MARANHÃO,Brasil,2106706,21,33,,,,Cerrado,POINT (-6.217 -44.49)
focos_brasil_ontem_hoje_ref.be94e23c-9748-3858-9330-a29ae2db4ba0,be94e23c-9748-3858-9330-a29ae2db4ba0,-44.462,-6.214,2021-07-06T16:00:00,AQUA_M-T,MIRADOR,MARANHÃO,Brasil,2106706,21,33,,,,Cerrado,POINT (-6.214 -44.462)
focos_brasil_ontem_hoje_ref.8888c6a1-829b-34e1-bba7-d3482ea49543,8888c6a1-829b-34e1-bba7-d3482ea49543,-45.414,-6.106,2021-07-06T16:00:00,AQUA_M-T,FERNANDO FALCÃO,MARANHÃO,Brasil,2104081,21,33,,,,Cerrado,POINT (-6.106 -45.414)
